-- phpMyAdmin SQL Dump
-- version 5.2.1
-- https://www.phpmyadmin.net/
--
-- Host: 127.0.0.1
-- Generation Time: Jan 10, 2025 at 06:51 AM
-- Server version: 10.4.32-MariaDB
-- PHP Version: 8.2.12

SET SQL_MODE = "NO_AUTO_VALUE_ON_ZERO";
START TRANSACTION;
SET time_zone = "+00:00";


/*!40101 SET @OLD_CHARACTER_SET_CLIENT=@@CHARACTER_SET_CLIENT */;
/*!40101 SET @OLD_CHARACTER_SET_RESULTS=@@CHARACTER_SET_RESULTS */;
/*!40101 SET @OLD_COLLATION_CONNECTION=@@COLLATION_CONNECTION */;
/*!40101 SET NAMES utf8mb4 */;

--
-- Database: `ecovoyagedb`
--

-- --------------------------------------------------------

--
-- Table structure for table `activities`
--

CREATE TABLE `activities` (
  `Act_ID` int(11) UNSIGNED NOT NULL,
  `Act_Name` varchar(255) NOT NULL,
  `Act_Minutes` int(11) NOT NULL,
  `ActGroup_ID` int(10) UNSIGNED NOT NULL,
  `Act_ImgSource` varchar(255) NOT NULL,
  `Act_Description` varchar(255) NOT NULL
) ENGINE=InnoDB DEFAULT CHARSET=utf8mb4 COLLATE=utf8mb4_general_ci;

--
-- Dumping data for table `activities`
--

INSERT INTO `activities` (`Act_ID`, `Act_Name`, `Act_Minutes`, `ActGroup_ID`, `Act_ImgSource`, `Act_Description`) VALUES
(100001, 'ปั่นเรือเป็ด', 40, 1, 'image/Activity/Act_A01.jpg', 'สนุกกับการปั่นเรือเป็ดในบึงน้ำ ท่ามกลางธรรมชาติอันสดชื่น'),
(100002, 'ปั่นจักรยาน', 60, 13, 'image/Activity/Act_A02.jpg', 'ปั่นจักรยานชมวิวออกกำลังกาย และสูดอากาศบริสุทธิ์รอบพื้นที่'),
(100003, 'เดินและวิ่ง', 40, 8, 'image/Activity/Act_A03.jpg', 'ออกกำลังกายแบบง่ายๆ พร้อมดื่มด่ำกับธรรมชาติรอบตัว'),
(100004, 'โยคะและไทเก๊ก', 40, 8, 'image/Activity/Act_A04.jpg', 'ฟื้นฟูสุขภาพด้วยโยคะและไทเก๊กในบรรยากาศเงียบสงบ'),
(100005, 'เข้าห้องสมุดประชาชน', 60, 7, 'image/Activity/Act_A05.jpg', 'เพิ่มพูนความรู้และเพลิดเพลินกับการอ่านในพื้นที่สาธารณะ'),
(100006, 'ให้อาหารสัตว์', 20, 10, 'image/Activity/Act_A06.webp', 'สนุกสนานกับการให้อาหารสัตว์ในฟาร์มหรือสวนสัตว์'),
(100007, 'ชมการแสดงสัตว์', 120, 10, 'image/Activity/Act_A07.jpg', 'เพลิดเพลินกับการแสดงที่น่าตื่นเต้นจากสัตว์แสนรู้'),
(100008, 'ล่องเรือชมสัตว์', 50, 1, 'image/Activity/Act_A08.jfif', 'ชมสัตว์ตามธรรมชาติจากมุมมองบนเรือ'),
(100009, 'ชมสัตว์', 60, 10, 'image/Activity/Act_A09.jpg', 'สำรวจและเรียนรู้ชีวิตสัตว์หลากหลายสายพันธุ์อย่างใกล้ชิด'),
(100010, 'ออกกำลังกาย', 30, 8, 'image/Activity/Act_A10.jpg', 'ฟิตแอนด์เฟิร์มด้วยกิจกรรมออกกำลังกายหลากหลาย'),
(100011, 'ชมธรรมชาติและพักผ่อน', 60, 14, 'image/Activity/Act_A11.jpg', 'สัมผัสความสงบสุขและผ่อนคลายท่ามกลางธรรมชาติ'),
(100012, 'ถ่ายรูป', 30, 2, 'image/Activity/Act_A12.jpg', 'ท่องเที่ยวและเก็บความทรงจำด้วยการถ่ายภาพในมุมสวยๆ'),
(100013, 'ให้อาหารปลา', 15, 10, 'image/Activity/Act_A13.jpg', 'สัมผัสความสุขเรียบง่ายด้วยการให้อาหารปลา'),
(100014, 'ชมสวนดอกไม้', 30, 15, 'image/Activity/Act_A14.jpg', 'ตื่นตาตื่นใจกับดอกไม้หลากสีสันในสวน'),
(100015, 'พายเรือ', 30, 1, 'image/Activity/Act_A15.jpg', 'เพลิดเพลินกับการพายเรือในแหล่งน้ำธรรมชาติ'),
(100016, 'เดินชมผีเสื้อและแมลง', 50, 10, 'image/Activity/Act_A16.jpg', 'เดินสำรวจความงดงามของผีเสื้อและแมลงในสวน'),
(100017, 'เรียนรู้งจรชีวิตผีเสื้อและแมลง', 60, 7, 'image/Activity/Act_A17.jpg', 'เพิ่มความรู้เกี่ยวกับวงจรชีวิตของสัตว์เล็กๆ อย่างผีเสื้อ'),
(100018, 'ชมวิวจากหอชมป่า', 30, 2, 'image/Activity/Act_A18.jpg', 'ชมวิวธรรมชาติและป่าเขาจากมุมสูง'),
(100019, 'เดินเล่นในป่า ', 30, 14, 'image/Activity/Act_A19.jfif', 'สำรวจป่าธรรมชาติ เดินผ่อนคลายท่ามกลางต้นไม้'),
(100020, 'ชมภาพยนตร์สั้น', 45, 3, 'image/Activity/Act_A20.jpg', 'เพลิดเพลินกับภาพยนตร์สั้นที่ถ่ายทอดเรื่องราวน่าสนใจ'),
(100021, 'ปิกนิก', 60, 12, 'image/Activity/Act_A21.jpeg', 'ทานอาหารกลางแจ้งพร้อมบรรยากาศที่ร่มรื่น'),
(100022, 'สวนสนุกสำหรับเด็ก', 60, 12, 'image/Activity/Act_A22.jfif', 'สนุกสนานกับเครื่องเล่นหลากหลายในสวนสนุก'),
(100023, 'ชมวิวริมแม่น้ำ', 30, 2, 'image/Activity/Act_A23.jpg', 'พักผ่อนพร้อมชมวิวสวยๆ ริมสายน้ำ'),
(100024, 'ชิมอาหารท้องถิ่น', 60, 3, 'image/Activity/Act_A24.jpg', 'ลิ้มรสอาหารอร่อยๆ ประจำท้องถิ่นหลากหลายเมนู'),
(100025, 'ซื้อของที่ระลึก', 30, 11, 'image/Activity/Act_A25.jpg', 'เลือกซื้อสินค้าที่ระลึกเพื่อเก็บความทรงจำ'),
(100026, 'ชมวิถีชีวิตริมคลอง', 30, 3, 'image/Activity/Act_A26.jpg', 'สัมผัสกับวิถีชีวิตและวัฒนธรรมท้องถิ่นที่อยู่คู่กับแม่น้ำลำคลอง'),
(100027, 'ชมการแสดงศิลปะ', 60, 4, 'image/Activity/Act_A27.jpg', 'เพลิดเพลินไปกับการแสดงศิลปะที่น่าประทับใจ'),
(100028, 'เข้าร่วมเวิร์กช็อป', 60, 9, 'image/Activity/Act_A28.jpg', 'เรียนรู้และสนุกไปกับเวิร์กช็อปและกิจกรรมสร้างสรรค์ต่างๆ'),
(100029, 'ไหว้พระและทำบุญ', 40, 4, 'image/Activity/Act_A29.jpg', 'เสริมสิริมงคลด้วยการไหว้พระและทำบุญ'),
(100030, 'ขึ้นไปชมวิวภูเขา', 40, 2, 'image/Activity/Act_A30.jpg', 'ชมวิวทิวทัศน์อันงดงามจากยอดภูเขา'),
(100031, 'ชมพระบรมสารีริกธาตุ', 20, 4, 'image/Activity/Act_A31.jfif', 'สักการะพระบรมสารีริกธาตุในสถานที่ศักดิ์สิทธิ์'),
(100032, 'ชมสถาปัตยกรรมและศิลปะ', 20, 9, 'image/Activity/Act_A32.jpg', 'ชื่นชมความงดงามของสถาปัตยกรรมและศิลปกรรม'),
(100033, 'ชมวิวแม่น้ำเจ้าพระยา', 40, 2, 'image/Activity/Act_A33.jpg', 'ดื่มด่ำกับทัศนียภาพของแม่น้ำเจ้าพระยา'),
(100034, 'ชมพระแก้วมรกต', 20, 4, 'image/Activity/Act_A34.jpeg', 'เยี่ยมชมพระพุทธรูปคู่บ้านคู่เมือง'),
(100035, 'เยี่ยมชมพระราชวัง', 20, 14, 'image/Activity/Act_A35.jpeg', 'ชมความวิจิตรของพระราชวังประวัติศาสตร์'),
(100036, 'ชมพระปรางค์', 10, 4, 'image/Activity/Act_A36.jpg', 'ชื่นชมศิลปะและประวัติศาสตร์ที่ปรากฏบนพระปรางค์'),
(100037, 'ชิมอาหาร', 50, 11, 'image/Activity/Act_A37.jpg', 'ลิ้มลองอาหารรสเลิศจากร้านอาหารต่างๆ '),
(100038, 'ชิมเบเกอรี่และเครื่องดื่ม', 30, 11, 'image/Activity/Act_A38.jpg', 'เพลิดเพลินกับเบเกอรี่สดใหม่และเครื่องดื่มหลากหลาย'),
(100039, 'เลือกซื้อผลิตภัณฑ์ออร์แกนิก', 15, 11, 'image/Activity/Act_A39.jpg', 'ช้อปปิ้งผลิตภัณฑ์ออร์แกนิกเพื่อสุขภาพ'),
(100040, 'นั่งเรือชมบรรยากาศ', 40, 1, 'image/Activity/Act_A40.jpg', 'ล่องเรือชมบรรยากาศอันแสนสงบ และงดงาม'),
(100041, 'ชมนก', 30, 10, 'image/Activity/Act_A41.jpg', 'ส่องดูนกหลากหลายชนิดในถิ่นที่อยู่อาศัยตามธรรมชาติ'),
(100042, 'รับประทานอาหารทะเลสด', 50, 11, 'image/Activity/Act_A42.jfif', 'อิ่มอร่อยกับอาหารทะเลสดใหม่จากทะเล'),
(100043, 'ชมการจัดแสดงในพื้นที่', 90, 3, 'image/Activity/Act_A43.jpg', 'ชมการจัดแสดงนิทรรศการในสถานที่พิเศษ'),
(100044, 'ชมประติมากรรม', 30, 9, 'image/Activity/Act_A44.jpg', 'เพลิดเพลินกับศิลปะประติมากรรมที่งดงาม'),
(100045, 'ชมการแสดงจระเข้', 40, 10, 'image/Activity/Act_A45.jpg', 'ชมการแสดงท้าทายจากจระเข้แสนฉลาด'),
(100046, 'เยี่ยมชมพื้นที่', 30, 3, 'image/Activity/Act_A46.jfif', 'สำรวจพื้นที่ท่องเที่ยวที่น่าสนใจ'),
(100047, 'ศึกษาธรรมชาติป่าชายเลน', 30, 7, 'image/Activity/Act_A47.jpg', 'เรียนรู้ความสำคัญของป่าชายเลนและระบบนิเวศ'),
(100048, 'สักการะกรมหลวงชุมพรเขตอุดมศักดิ์', 20, 4, 'image/Activity/Act_A48.jpg', 'รำลึกถึงพระบิดาแห่งกองทัพเรือไทย'),
(100049, 'ปลูกต้นไม้', 60, 5, 'image/Activity/Act_A49.jpg', 'ร่วมกิจกรรมปลูกต้นไม้เพื่อเพิ่มพื้นที่สีเขียว'),
(100050, 'ทำกิจกรรม DIY/Handmade', 90, 9, 'image/Activity/Act_A50.jpg', 'สร้างสรรค์ผลงานด้วยตัวเองในกิจกรรม DIY'),
(100051, 'ขี่สกูตเตอร์ไฟฟ้าท่องเที่ยว', 120, 13, 'image/Activity/Act_A51.jpg', 'ท่องเที่ยวแบบสนุกๆ ด้วยสกูตเตอร์ไฟฟ้า'),
(100052, 'นั่งรถกอล์ฟชมสถานที่', 90, 14, 'image/Activity/Act_A52.jpg', 'เที่ยวชมสถานที่ต่างๆ อย่างสะดวกสบาย'),
(100053, 'เรียนรู้ประวัติศาสตร์', 40, 6, 'image/Activity/Act_A53.jpg', 'เปิดประสบการณ์ใหม่ด้วยการเรียนรู้ประวัติศาสตร์'),
(100054, 'เก็บผักออแกนิก', 30, 5, 'image/Activity/Act_A54.jpg', 'เก็บผักสดๆ จากสวนออร์แกนิก'),
(100055, 'เรียนรู้การเกษตร', 60, 5, 'image/Activity/Act_A55.jpg', 'เรียนรู้วิถีการเกษตรแบบดั้งเดิมและสมัยใหม่'),
(100056, 'ชมนิทรรศการทางประวัติศาสตร์ท้องถิ่น', 40, 6, 'image/Activity/Act_A56.jpg', 'เข้าชมนิทรรศการประวัติศาสตร์ในพื้นที่'),
(100057, 'ชมโบราณวัตถุและของสะสม', 40, 6, 'image/Activity/Act_A57.jfif', 'สำรวจโบราณวัตถุและของสะสมที่หาชมได้ยาก'),
(100058, 'ร่วมกิจกรรมเชิงวัฒนธรรม', 40, 4, 'image/Activity/Act_A58.jpg', 'สัมผัสวัฒนธรรมผ่านกิจกรรมพิเศษ'),
(100059, 'ชมบัววิคตอเรีย', 30, 15, 'image/Activity/Act_A59.jfif', 'ชมดอกบัวขนาดใหญ่ในบึงน้ำ'),
(100060, 'ทานก๋วยเตี๋ยว', 50, 11, 'image/Activity/Act_A60.jpg', 'อิ่มอร่อยกับเมนูก๋วยเตี๋ยวสุดคลาสสิก'),
(100061, 'ชมการผลิตเครื่องเบญจรงค์', 40, 3, 'image/Activity/Act_A61.jpg', 'เรียนรู้วิธีการผลิตงานศิลปะเครื่องเบญจรงค์'),
(100062, 'เรียนรู้สมุนไพร', 50, 7, 'image/Activity/Act_A62.jpg', 'ศึกษาคุณค่าของสมุนไพรหลากชนิด'),
(100063, 'เรียนรู้เกี่ยวกับการใช้ไม้', 50, 9, 'image/Activity/Act_A63.jpg', 'ทำความรู้จักการใช้ประโยชน์จากไม้ในวิถีชีวิต'),
(100064, 'เรียนรู้สถาปัตยกรรมและการออกแบบ', 50, 9, 'image/Activity/Act_A64.jpeg', 'เข้าใจสถาปัตยกรรมในเชิงสร้างสรรค์'),
(100065, 'ปลูกพืชผัก', 40, 5, 'image/Activity/Act_A65.jpg', 'เรียนรู้การปลูกผักในสวนเล็กๆ'),
(100066, 'ทำข้าวตัง', 40, 11, 'image/Activity/Act_A66.jpg', 'เรียนรู้วิธีการทำขนมข้าวตังด้วยตัวเอง'),
(100067, 'ชมดอกกล้วยไม้', 40, 15, 'image/Activity/Act_A67.jpg', 'ชมความงามของกล้วยไม้หลากสายพันธุ์'),
(100068, 'ปลูกกล้วยไม้', 50, 15, 'image/Activity/Act_A68.jpeg', 'ทดลองปลูกกล้วยไม้ในสวน และการดูแลดอกกล้วยไม้'),
(100069, 'ซื้อกล้วยไม้และผลิตภัณฑ์เกี่ยวกับกล้วยไม้', 30, 5, 'image/Activity/Act_A69.jpg', 'เลือกซื้อกล้วยไม้และของฝากเกี่ยวกับกล้วยไม้'),
(100070, 'ให้อาหารสัตว์', 40, 10, 'image/Activity/Act_A70.jfif', 'กิจกรรมให้อาหารสัตว์ เรียนรู้วิถีชีวิตสัตว์อย่างใกล้ชิด'),
(100071, 'ชมการแสดงช้าง', 40, 10, 'image/Activity/Act_A71.jpg', 'ชมการแสดงช้างแสนรู้ในบรรยากาศสนุกสนาน'),
(100072, 'ชมฟาร์มจระเข้', 40, 10, 'image/Activity/Act_A72.jpeg', 'เยี่ยมชมฟาร์มจระเข้และเรียนรู้ชีวิตสัตว์เลื้อยคลาน'),
(100073, 'ซื้อพันธุ์ไม้', 30, 15, 'image/Activity/Act_A73.jfif', 'เลือกซื้อพันธุ์ไม้เพื่อตกแต่งสวน'),
(100074, 'ศึกษานกยูง', 50, 10, 'image/Activity/Act_A74.jpg', 'ชมนกยูงในธรรมชาติและเรียนรู้พฤติกรรมของมัน'),
(100075, 'เล่นน้ำ', 40, 12, 'image/Activity/Act_A75.jpg', 'สนุกสนานกับกิจกรรมเล่นน้ำคลายร้อน'),
(100076, 'พาย SUP', 150, 1, 'image/Activity/Act_A76.jpg', 'ท้าทายตัวเองด้วยการพายบอร์ด SUP'),
(100077, 'เข้าร่วมพิธีมิสซา', 40, 4, 'image/Activity/Act_A77.jpg', 'ร่วมพิธีมิสซาในบรรยากาศศักดิ์สิทธิ์'),
(100078, 'เดินชมทุ่งนา', 30, 14, 'image/Activity/Act_A78.jpg', 'เดินชมความงามของทุ่งนาเขียวขจี'),
(100079, 'เรียนรู้ทางวิทยาศาสตร์', 60, 7, 'image/Activity/Act_A79.jpg', 'เรียนรูและทดลองวาดลวดลายเครื่องเบญจรงค์ด้วยมือ'),
(100080, 'เรียนรู้การวาดลวดลายเบญจรงค์', 61, 9, 'image/Activity/Act_A80.jpeg', 'เรียนรู้และทดลองวาดลวดลายเครื่องเบญจรงค์ด้วยมือ'),
(100081, 'เลือกซื้อเครื่องเบญจรงค์', 30, 11, 'image/Activity/Act_A81.jpg', 'ช้อปปิ้งเครื่องเบญจรงค์ที่สวยงาม'),
(100082, 'ชมปลาโลมา', 30, 10, 'image/Activity/Act_A82.jfif', 'เพลิดเพลินกับการชมปลาโลมาเล่นน้ำ'),
(100083, 'เล่นเครื่องเล่นน้ำ', 60, 12, 'image/Activity/Act_A83.jpg', 'สนุกสุดเหวี่ยงกับเครื่องเล่นน้ำหลากหลาย ในทีมความเป็นไทย'),
(100084, 'ว่ายน้ำ', 30, 1, 'image/Activity/Act_A84.jpg', 'ว่ายน้ำออกกำลังกายในสระหรือแหล่งน้ำธรรมชาติ');

-- --------------------------------------------------------

--
-- Table structure for table `activitiesgroups`
--

CREATE TABLE `activitiesgroups` (
  `ActGroup_ID` int(10) UNSIGNED NOT NULL,
  `ActGroup_Name` varchar(255) NOT NULL
) ENGINE=InnoDB DEFAULT CHARSET=utf8mb4 COLLATE=utf8mb4_general_ci;

--
-- Dumping data for table `activitiesgroups`
--

INSERT INTO `activitiesgroups` (`ActGroup_ID`, `ActGroup_Name`) VALUES
(1, 'กิจกรรมทางน้ำ'),
(2, 'ถ่ายรูป/ชมวิว'),
(3, 'ชุมชน/วิถีชีวิต'),
(4, 'วัฒนธรรม'),
(5, 'เกษตร/สิ่งแวดล้อม'),
(6, 'ประวัติศาสตร์'),
(7, 'การเรียนรู้'),
(8, 'ออกกำลังกาย'),
(9, 'ศิลปะ/งานฝีมือ'),
(10, 'ชมสัตว์'),
(11, 'อาหาร/ช็อปปิ้ง'),
(12, 'กิจกรรมครอบครัว'),
(13, 'ปั่นจักรยาน'),
(14, 'ธรรมชาติ/พักผ่อน'),
(15, 'ดอกไม้');

-- --------------------------------------------------------

--
-- Table structure for table `activities_place`
--

CREATE TABLE `activities_place` (
  `Act_ID` int(11) UNSIGNED NOT NULL,
  `Place_ID` int(11) UNSIGNED NOT NULL,
  `ActPlace_Price` int(11) NOT NULL
) ENGINE=InnoDB DEFAULT CHARSET=utf8mb4 COLLATE=utf8mb4_general_ci;

--
-- Dumping data for table `activities_place`
--

INSERT INTO `activities_place` (`Act_ID`, `Place_ID`, `ActPlace_Price`) VALUES
(100001, 10001, 60),
(100002, 10001, 20),
(100003, 10001, 0),
(100004, 10001, 0),
(100005, 10001, 0),
(100006, 10002, 100),
(100007, 10002, 0),
(100008, 10002, 0),
(100009, 10002, 0),
(100003, 10003, 0),
(100002, 10003, 40),
(100010, 10003, 0),
(100011, 10003, 0),
(100012, 10003, 0),
(100002, 10004, 30),
(100013, 10004, 20),
(100003, 10004, 0),
(100003, 10005, 0),
(100002, 10005, 40),
(100012, 10005, 0),
(100011, 10005, 0),
(100014, 10005, 0),
(100015, 10005, 40),
(100003, 10006, 0),
(100002, 10006, 50),
(100010, 10006, 0),
(100011, 10007, 0),
(100003, 10007, 0),
(100014, 10007, 0),
(100002, 10008, 30),
(100010, 10008, 0),
(100011, 10008, 0),
(100012, 10008, 0),
(100016, 10009, 0),
(100017, 10009, 0),
(100012, 10009, 0),
(100018, 10010, 0),
(100019, 10010, 0),
(100020, 10010, 0),
(100012, 10010, 0),
(100010, 10011, 0),
(100021, 10011, 0),
(100011, 10011, 0),
(100012, 10011, 0),
(100022, 10011, 0),
(100003, 10012, 0),
(100011, 10012, 0),
(100023, 10012, 0),
(100011, 10013, 0),
(100003, 10013, 0),
(100010, 10013, 0),
(100003, 10014, 0),
(100011, 10014, 0),
(100012, 10014, 0),
(100002, 10014, 30),
(100003, 10015, 0),
(100011, 10015, 0),
(100021, 10015, 0),
(100012, 10015, 0),
(100003, 10016, 0),
(100002, 10016, 30),
(100011, 10016, 0),
(100012, 10016, 0),
(100015, 10016, 50),
(100003, 10017, 0),
(100011, 10017, 0),
(100021, 10017, 0),
(100012, 10017, 0),
(100003, 10018, 0),
(100011, 10018, 0),
(100021, 10018, 0),
(100012, 10018, 0),
(100015, 10019, 50),
(100024, 10019, 150),
(100025, 10019, 200),
(100026, 10019, 0),
(100012, 10019, 0),
(100015, 10020, 50),
(100024, 10020, 150),
(100025, 10020, 200),
(100026, 10020, 0),
(100012, 10020, 0),
(100027, 10021, 0),
(100028, 10021, 200),
(100011, 10021, 0),
(100025, 10021, 200),
(100012, 10021, 0),
(100029, 10022, 0),
(100030, 10022, 0),
(100031, 10022, 0),
(100032, 10022, 0),
(100012, 10022, 0),
(100032, 10023, 0),
(100011, 10023, 0),
(100012, 10023, 0),
(100003, 10024, 0),
(100010, 10024, 0),
(100033, 10024, 0),
(100012, 10024, 0),
(100029, 10025, 0),
(100034, 10025, 0),
(100032, 10025, 0),
(100012, 10025, 0),
(100035, 10025, 0),
(100029, 10026, 0),
(100036, 10026, 0),
(100012, 10026, 0),
(100032, 10026, 0),
(100037, 10027, 200),
(100011, 10027, 0),
(100012, 10027, 0),
(100038, 10027, 100),
(100038, 10028, 100),
(100011, 10028, 200),
(100012, 10028, 0),
(100039, 10029, 100),
(100037, 10029, 200),
(100011, 10029, 0),
(100038, 10029, 100),
(100037, 10030, 200),
(100038, 10030, 200),
(100011, 10030, 0),
(100012, 10030, 0),
(100037, 10031, 200),
(100038, 10031, 200),
(100011, 10031, 0),
(100012, 10031, 0),
(100037, 10032, 200),
(100038, 10032, 200),
(100011, 10032, 0),
(100012, 10032, 0),
(100037, 10033, 200),
(100038, 10033, 200),
(100011, 10033, 0),
(100012, 10033, 0),
(100003, 10034, 0),
(100011, 10034, 0),
(100015, 10034, 0),
(100024, 10035, 100),
(100040, 10035, 30),
(100025, 10035, 200),
(100012, 10035, 0),
(100002, 20001, 50),
(100011, 20001, 0),
(100012, 20001, 100),
(100012, 20001, 0),
(100026, 20001, 0),
(100041, 20002, 0),
(100012, 20002, 0),
(100011, 20002, 0),
(100026, 20002, 0),
(100012, 20002, 150),
(100042, 20002, 300),
(100043, 20003, 0),
(100044, 20003, 0),
(100029, 20003, 0),
(100046, 20004, 0),
(100045, 20004, 0),
(100009, 20004, 0),
(100012, 20004, 50),
(100006, 20004, 50),
(100029, 20005, 0),
(100012, 20005, 0),
(100046, 20005, 0),
(100046, 20006, 0),
(100033, 20006, 0),
(100047, 20006, 0),
(100048, 20006, 0),
(100047, 20007, 0),
(100041, 20007, 0),
(100012, 20007, 0),
(100049, 20007, 50),
(100011, 20008, 0),
(100040, 20008, 30),
(100025, 20008, 200),
(100012, 20008, 0),
(100002, 20008, 30),
(100024, 20008, 100),
(100050, 20008, 50),
(100038, 20009, 150),
(100051, 20009, 300),
(100011, 20009, 0),
(100012, 20009, 0),
(100002, 20009, 50),
(100032, 20010, 0),
(100002, 20010, 50),
(100052, 20010, 350),
(100046, 20010, 0),
(100040, 20010, 50),
(100043, 20010, 0),
(100029, 20011, 0),
(100032, 20011, 0),
(100012, 20011, 0),
(100046, 20011, 0),
(100029, 20012, 0),
(100032, 20012, 0),
(100040, 20012, 50),
(100032, 20013, 0),
(100053, 20013, 0),
(100011, 20013, 0),
(100012, 20013, 0),
(100029, 20014, 0),
(100032, 20014, 0),
(100046, 20014, 0),
(100026, 20014, 0),
(100029, 20015, 0),
(100032, 20015, 0),
(100011, 20015, 0),
(100029, 20016, 0),
(100032, 20016, 0),
(100011, 20016, 0),
(100029, 20017, 0),
(100032, 20017, 0),
(100011, 20017, 0),
(100029, 20018, 0),
(100032, 20018, 0),
(100011, 20018, 0),
(100046, 20019, 0),
(100040, 20019, 50),
(100037, 20019, 100),
(100012, 20019, 0),
(100025, 20019, 150),
(100029, 20020, 0),
(100032, 20020, 0),
(100011, 20020, 0),
(100037, 20021, 100),
(100012, 20021, 0),
(100025, 20021, 150),
(100046, 20021, 0),
(100029, 20022, 0),
(100032, 20022, 0),
(100011, 20022, 0),
(100029, 20023, 0),
(100032, 20023, 0),
(100011, 20023, 0),
(100011, 20024, 0),
(100002, 20024, 0),
(100012, 20024, 0),
(100010, 20025, 0),
(100011, 20025, 0),
(100011, 20026, 0),
(100015, 20026, 0),
(100012, 20026, 0),
(100002, 20027, 0),
(100010, 20027, 0),
(100003, 20027, 0),
(100037, 20028, 200),
(100011, 20028, 0),
(100012, 20028, 0),
(100038, 20028, 100),
(100037, 20029, 200),
(100011, 20029, 0),
(100012, 20029, 0),
(100038, 20029, 100),
(100037, 20030, 200),
(100011, 20030, 0),
(100012, 20030, 0),
(100038, 20030, 100),
(100037, 20031, 200),
(100011, 20031, 0),
(100012, 20031, 0),
(100038, 20031, 100),
(100037, 20032, 200),
(100011, 20032, 0),
(100012, 20032, 0),
(100038, 20032, 100),
(100037, 20033, 200),
(100011, 20033, 0),
(100012, 20033, 0),
(100038, 20033, 100),
(100037, 20034, 200),
(100011, 20034, 0),
(100012, 20034, 0),
(100038, 20034, 100),
(100046, 30001, 0),
(100002, 30001, 40),
(100025, 30001, 100),
(100024, 30001, 100),
(100040, 30001, 50),
(100028, 30001, 100),
(100011, 30002, 0),
(100002, 30002, 0),
(100012, 30002, 0),
(100021, 30002, 0),
(100010, 30002, 0),
(100011, 30003, 0),
(100002, 30003, 30),
(100012, 30003, 0),
(100021, 30003, 0),
(100010, 30003, 0),
(100029, 30004, 0),
(100032, 30004, 0),
(100011, 30004, 0),
(100029, 30005, 0),
(100032, 30005, 0),
(100011, 30005, 0),
(100029, 30006, 0),
(100032, 30006, 0),
(100011, 30006, 0),
(100025, 30007, 100),
(100024, 30007, 100),
(100040, 30007, 50),
(100027, 30007, 0),
(100011, 30008, 0),
(100012, 30008, 0),
(100038, 30008, 100),
(100054, 30009, 0),
(100055, 30009, 0),
(100028, 30009, 100),
(100011, 30009, 0),
(100012, 30009, 0),
(100037, 30010, 200),
(100011, 30010, 0),
(100012, 30010, 0),
(100038, 30010, 100),
(100037, 30011, 200),
(100011, 30011, 0),
(100012, 30011, 0),
(100038, 30011, 100),
(100056, 30012, 0),
(100057, 30012, 0),
(100058, 30012, 0),
(100012, 30012, 0),
(100029, 30013, 0),
(100032, 30013, 0),
(100011, 30013, 0),
(100029, 30014, 0),
(100032, 30014, 0),
(100011, 30014, 0),
(100029, 30015, 0),
(100032, 30015, 0),
(100011, 30015, 0),
(100025, 30016, 100),
(100024, 30016, 100),
(100040, 30016, 50),
(100011, 30016, 0),
(100012, 30016, 0),
(100059, 30017, 0),
(100055, 30017, 0),
(100011, 30017, 0),
(100012, 30017, 0),
(100029, 30018, 0),
(100032, 30018, 0),
(100011, 30018, 0),
(100029, 30019, 0),
(100032, 30019, 0),
(100011, 30019, 0),
(100029, 30020, 0),
(100032, 30020, 0),
(100011, 30020, 0),
(100029, 30021, 0),
(100032, 30021, 0),
(100011, 30021, 0),
(100053, 30022, 0),
(100029, 30022, 0),
(100032, 30022, 0),
(100011, 30022, 0),
(100029, 30023, 0),
(100032, 30023, 0),
(100011, 30023, 0),
(100029, 30024, 0),
(100032, 30024, 0),
(100011, 30024, 0),
(100046, 30025, 0),
(100002, 30025, 40),
(100025, 30025, 100),
(100024, 30025, 100),
(100040, 30025, 50),
(100002, 30026, 40),
(100025, 30026, 100),
(100024, 30026, 100),
(100040, 30026, 50),
(100037, 30027, 200),
(100011, 30027, 0),
(100012, 30027, 0),
(100038, 30027, 100),
(100060, 30027, 200),
(100012, 30027, 0),
(100038, 30027, 100),
(100011, 30028, 0),
(100012, 30028, 0),
(100038, 30028, 100),
(100038, 30029, 100),
(100011, 30029, 0),
(100012, 30029, 0),
(100011, 30030, 0),
(100012, 30030, 0),
(100038, 30030, 100),
(100011, 30030, 0),
(100037, 30030, 200),
(100038, 30031, 100),
(100011, 30031, 0),
(100012, 30031, 0),
(100038, 30032, 100),
(100011, 30032, 0),
(100012, 30032, 0),
(100038, 30033, 100),
(100011, 30033, 0),
(100012, 30033, 0),
(100038, 30034, 100),
(100011, 30034, 0),
(100012, 30034, 0),
(100038, 30035, 100),
(100011, 30035, 0),
(100012, 30035, 0),
(100038, 30036, 100),
(100011, 30036, 0),
(100012, 30036, 0),
(100038, 30037, 100),
(100011, 30037, 0),
(100012, 30037, 0),
(100038, 30038, 100),
(100011, 30038, 0),
(100012, 30038, 0),
(100003, 40001, 0),
(100010, 40001, 0),
(100002, 40001, 30),
(100011, 40001, 0),
(100029, 40001, 0),
(100046, 40002, 0),
(100002, 40002, 40),
(100025, 40002, 100),
(100024, 40002, 100),
(100040, 40002, 50),
(100046, 40003, 0),
(100039, 40003, 300),
(100037, 40003, 200),
(100028, 40003, 200),
(100046, 40004, 0),
(100062, 40004, 200),
(100037, 40004, 0),
(100025, 40004, 100),
(100046, 40005, 0),
(100002, 40005, 40),
(100025, 40005, 100),
(100024, 40005, 100),
(100040, 40005, 50),
(100063, 40006, 0),
(100064, 40006, 0),
(100028, 40006, 500),
(100046, 40006, 0),
(100046, 40007, 0),
(100002, 40007, 40),
(100025, 40007, 100),
(100024, 40007, 100),
(100040, 40007, 50),
(100046, 40008, 0),
(100002, 40008, 40),
(100025, 40008, 100),
(100024, 40008, 100),
(100040, 40008, 50),
(100029, 40009, 0),
(100032, 40009, 0),
(100011, 40009, 0),
(100055, 40010, 300),
(100046, 40010, 0),
(100065, 40010, 0),
(100066, 40011, 0),
(100040, 40011, 100),
(100067, 40011, 0),
(100037, 40011, 200),
(100029, 40012, 0),
(100032, 40012, 0),
(100011, 40012, 0),
(100029, 40013, 0),
(100032, 40013, 0),
(100011, 40013, 0),
(100029, 40014, 0),
(100032, 40014, 0),
(100011, 40014, 0),
(100068, 40015, 200),
(100046, 40015, 0),
(100067, 40015, 0),
(100029, 40016, 0),
(100032, 40016, 0),
(100011, 40016, 0),
(100029, 40017, 0),
(100032, 40017, 0),
(100011, 40017, 0),
(100029, 40018, 0),
(100032, 40018, 0),
(100011, 40018, 0),
(100046, 40019, 0),
(100002, 40019, 40),
(100025, 40019, 100),
(100024, 40019, 100),
(100040, 40019, 50),
(100012, 40020, 0),
(100038, 40020, 100),
(100037, 40020, 200),
(100011, 40020, 0),
(100070, 40021, 50),
(100071, 40021, 100),
(100072, 40021, 100),
(100009, 40021, 150),
(100029, 40022, 0),
(100032, 40022, 0),
(100011, 40022, 0),
(100029, 40023, 0),
(100032, 40023, 0),
(100011, 40023, 0),
(100011, 40024, 0),
(100049, 40024, 100),
(100028, 40024, 0),
(100073, 40024, 200),
(100070, 40025, 20),
(100074, 40025, 50),
(100009, 40025, 0),
(100029, 40026, 0),
(100032, 40026, 0),
(100011, 40026, 0),
(100029, 40027, 0),
(100032, 40027, 0),
(100011, 40027, 0),
(100011, 40028, 0),
(100009, 40028, 50),
(100075, 40028, 100),
(100002, 40028, 40),
(100024, 40028, 200),
(100046, 40029, 0),
(100002, 40029, 40),
(100025, 40029, 100),
(100024, 40029, 100),
(100040, 40029, 50),
(100012, 40030, 0),
(100038, 40030, 100),
(100037, 40030, 200),
(100011, 40030, 0),
(100012, 40031, 0),
(100038, 40031, 100),
(100037, 40031, 200),
(100011, 40031, 0),
(100012, 40032, 0),
(100038, 40032, 100),
(100037, 40032, 200),
(100011, 40032, 0),
(100012, 40033, 0),
(100038, 40033, 100),
(100037, 40033, 200),
(100011, 40033, 0),
(100012, 40034, 0),
(100038, 40034, 100),
(100037, 40034, 200),
(100011, 40034, 0),
(100012, 40035, 0),
(100038, 40035, 100),
(100037, 40035, 200),
(100011, 40035, 0),
(100012, 40036, 0),
(100038, 40036, 100),
(100037, 40036, 200),
(100011, 40036, 0),
(100012, 40037, 0),
(100038, 40037, 100),
(100037, 40037, 200),
(100011, 40037, 0),
(100012, 40038, 0),
(100038, 40038, 100),
(100037, 40038, 200),
(100011, 40038, 0),
(100012, 40039, 0),
(100038, 40039, 100),
(100037, 40039, 200),
(100011, 40039, 0),
(100012, 40040, 0),
(100038, 40040, 100),
(100037, 40040, 200),
(100011, 40040, 0),
(100012, 40041, 0),
(100038, 40041, 100),
(100037, 40041, 200),
(100011, 40041, 0),
(100012, 40042, 0),
(100038, 40042, 100),
(100037, 40042, 200),
(100011, 40042, 0),
(100012, 40043, 0),
(100038, 40043, 100),
(100037, 40043, 200),
(100011, 40043, 0),
(100012, 40044, 0),
(100038, 40044, 100),
(100037, 40044, 200),
(100011, 40044, 0),
(100012, 40045, 0),
(100038, 40045, 100),
(100037, 40045, 200),
(100011, 40045, 0),
(100012, 40046, 0),
(100038, 40046, 100),
(100037, 40046, 200),
(100011, 40046, 0),
(100002, 50001, 50),
(100023, 50001, 0),
(100021, 50001, 0),
(100024, 50001, 200),
(100047, 50001, 0),
(100040, 50001, 200),
(100029, 50002, 0),
(100030, 50002, 0),
(100033, 50002, 0),
(100031, 50002, 0),
(100032, 50002, 0),
(100040, 50002, 200),
(100029, 50003, 0),
(100030, 50003, 0),
(100033, 50003, 0),
(100032, 50003, 0),
(100029, 50004, 0),
(100033, 50004, 0),
(100031, 50004, 0),
(100032, 50004, 0),
(100029, 50005, 0),
(100032, 50005, 0),
(100029, 50006, 0),
(100032, 50006, 0),
(100029, 50007, 0),
(100032, 50007, 0),
(100024, 50008, 100),
(100040, 50008, 50),
(100043, 50008, 0),
(100024, 50009, 100),
(100040, 50009, 50),
(100043, 50009, 0),
(100033, 50010, 0),
(100056, 50010, 50),
(100043, 50010, 50),
(100037, 50011, 100),
(100043, 50011, 0),
(100054, 50011, 0),
(100055, 50011, 0),
(100062, 50011, 0),
(100054, 50012, 0),
(100055, 50012, 0),
(100039, 50012, 200),
(100062, 50012, 0),
(100029, 50013, 0),
(100033, 50013, 0),
(100041, 50013, 0),
(100024, 50014, 200),
(100040, 50014, 50),
(100043, 50014, 0),
(100029, 50015, 0),
(100033, 50015, 0),
(100051, 50016, 200),
(100019, 50016, 150),
(100040, 50016, 50),
(100028, 50016, 0),
(100076, 50016, 300),
(100077, 50017, 0),
(100032, 50017, 0),
(100029, 50018, 0),
(100032, 50018, 0),
(100011, 50018, 0),
(100029, 50019, 0),
(100032, 50019, 0),
(100011, 50019, 0),
(100029, 50020, 0),
(100032, 50020, 0),
(100011, 50020, 0),
(100019, 50021, 0),
(100002, 50021, 50),
(100012, 50021, 0),
(100011, 50021, 0),
(100055, 50021, 0),
(100043, 50022, 0),
(100053, 50022, 0),
(100012, 50022, 0),
(100029, 50023, 0),
(100032, 50023, 0),
(100011, 50023, 0),
(100046, 50024, 0),
(100011, 50024, 0),
(100053, 50024, 100),
(100012, 50025, 0),
(100038, 50025, 100),
(100037, 50025, 200),
(100011, 50025, 0),
(100012, 50026, 0),
(100038, 50026, 100),
(100037, 50026, 200),
(100011, 50026, 0),
(100012, 50027, 0),
(100038, 50027, 100),
(100037, 50027, 200),
(100011, 50027, 0),
(100012, 50028, 0),
(100038, 50028, 100),
(100037, 50028, 200),
(100011, 50028, 0),
(100012, 50029, 0),
(100038, 50029, 100),
(100037, 50029, 200),
(100011, 50029, 0),
(100012, 50030, 0),
(100038, 50030, 100),
(100037, 50030, 200),
(100011, 50030, 0),
(100012, 50031, 0),
(100038, 50031, 100),
(100037, 50031, 200),
(100011, 50031, 0),
(100012, 50032, 0),
(100038, 50032, 100),
(100037, 50032, 200),
(100011, 50032, 0),
(100012, 50033, 0),
(100037, 50033, 200),
(100011, 50033, 0),
(100012, 50034, 0),
(100038, 50034, 100),
(100037, 50034, 200),
(100011, 50034, 0),
(100012, 50035, 0),
(100037, 50035, 200),
(100011, 50035, 0),
(100012, 50036, 0),
(100038, 50036, 100),
(100037, 50036, 200),
(100011, 50036, 0),
(100012, 50037, 0),
(100038, 50037, 100),
(100037, 50037, 200),
(100011, 50037, 0),
(100012, 50038, 0),
(100037, 50038, 200),
(100011, 50038, 0),
(100012, 50039, 0),
(100038, 50039, 100),
(100037, 50039, 200),
(100011, 50039, 0),
(100012, 50040, 0),
(100038, 50040, 100),
(100037, 50040, 200),
(100011, 50040, 0),
(100012, 50041, 0),
(100038, 50041, 100),
(100037, 50041, 200),
(100011, 50041, 0),
(100012, 50042, 0),
(100037, 50042, 200),
(100011, 50042, 0),
(100029, 60001, 0),
(100046, 60001, 0),
(100029, 60002, 0),
(100046, 60002, 0),
(100032, 60002, 0),
(100029, 60003, 0),
(100046, 60003, 0),
(100032, 60003, 0),
(100029, 60004, 0),
(100046, 60004, 0),
(100032, 60004, 0),
(100029, 60005, 0),
(100046, 60005, 0),
(100032, 60005, 0),
(100029, 60006, 0),
(100046, 60006, 0),
(100032, 60006, 0),
(100029, 60007, 0),
(100046, 60007, 0),
(100032, 60007, 0),
(100029, 60008, 0),
(100046, 60008, 0),
(100032, 60008, 0),
(100029, 60009, 0),
(100046, 60009, 0),
(100032, 60009, 0),
(100029, 60010, 0),
(100046, 60010, 0),
(100032, 60010, 0),
(100029, 60011, 0),
(100046, 60011, 0),
(100032, 60011, 0),
(100029, 60012, 0),
(100046, 60012, 0),
(100032, 60012, 0),
(100077, 60013, 0),
(100046, 60013, 0),
(100032, 60013, 0),
(100029, 60014, 0),
(100046, 60014, 0),
(100032, 60014, 0),
(100029, 60015, 0),
(100046, 60015, 0),
(100032, 60015, 0),
(100029, 60016, 0),
(100046, 60016, 0),
(100032, 60016, 0),
(100040, 60017, 0),
(100024, 60017, 150),
(100025, 60017, 100),
(100058, 60017, 0),
(100011, 60017, 0),
(100012, 60017, 0),
(100061, 60018, 0),
(100080, 60018, 200),
(100081, 60018, 500),
(100012, 60018, 0),
(100043, 60018, 0),
(100019, 60019, 0),
(100047, 60019, 0),
(100041, 60019, 0),
(100049, 60019, 0),
(100040, 60019, 100),
(100082, 60020, 0),
(100012, 60020, 0),
(100011, 60020, 0),
(100040, 60020, 200),
(100012, 60021, 0),
(100011, 60021, 0),
(100053, 60022, 0),
(100012, 60022, 0),
(100046, 60022, 0),
(100032, 60022, 0),
(100038, 60023, 120),
(100012, 60023, 0),
(100011, 60023, 0),
(100038, 60024, 100),
(100037, 60024, 200),
(100011, 60024, 0),
(100012, 60024, 0),
(100038, 60025, 100),
(100037, 60025, 200),
(100011, 60025, 0),
(100012, 60025, 0),
(100038, 60026, 100),
(100037, 60026, 200),
(100011, 60026, 0),
(100012, 60026, 0),
(100038, 60026, 100),
(100037, 60027, 200),
(100011, 60027, 0),
(100012, 60027, 0),
(100038, 60028, 100),
(100011, 60028, 0),
(100012, 60028, 0),
(100038, 60029, 100),
(100011, 60029, 0),
(100012, 60029, 0),
(100038, 60030, 100),
(100011, 60030, 0),
(100012, 60030, 0),
(100038, 60031, 100),
(100037, 60031, 200),
(100011, 60031, 0),
(100012, 60031, 0),
(100038, 60032, 100),
(100011, 60032, 0),
(100012, 60032, 0),
(100038, 60033, 100),
(100011, 60033, 0),
(100012, 60033, 0),
(100038, 60034, 100),
(100011, 60034, 0),
(100012, 60034, 0),
(100038, 60035, 100),
(100011, 60035, 0),
(100012, 60035, 0),
(100038, 60036, 100),
(100011, 60036, 0),
(100012, 60036, 0),
(100038, 60037, 100),
(100011, 60037, 0),
(100012, 60037, 0),
(100083, 60038, 200),
(100084, 60038, 0),
(100011, 60038, 0);

-- --------------------------------------------------------

--
-- Table structure for table `facility`
--

CREATE TABLE `facility` (
  `Facility_ID` int(10) UNSIGNED NOT NULL,
  `Facility_Name` varchar(255) NOT NULL,
  `F_ImgSource` varchar(255) NOT NULL
) ENGINE=InnoDB DEFAULT CHARSET=utf8mb4 COLLATE=utf8mb4_general_ci;

--
-- Dumping data for table `facility`
--

INSERT INTO `facility` (`Facility_ID`, `Facility_Name`, `F_ImgSource`) VALUES
(1, 'สระว่ายน้ำ', 'icon/facilities/pool.png'),
(2, 'สปา/ซาวน่า', 'icon/facilities/spa.png'),
(3, 'ฟิตเนส', 'icon/facilities/gym.png'),
(4, 'บริการรถรับส่ง', 'icon/facilities/bus.png'),
(5, 'ซัก/รีด', 'icon/facilities/laundry.png'),
(6, 'ร้านอาหารและบาร์', 'icon/facilities/restaurant.png'),
(7, 'คลับสำหรับเด็ก', 'icon/facilities/kids.png'),
(8, 'ห้องประชุม', 'icon/facilities/meeting.png'),
(9, 'พื้นที่นันทนาการ', 'icon/facilities/activity.png'),
(10, 'พื้นที่สำหรับสัตว์เลี้ยง', 'icon/facilities/pet.png');

-- --------------------------------------------------------

--
-- Table structure for table `favoriteact`
--

CREATE TABLE `favoriteact` (
  `favAct_id` int(10) UNSIGNED NOT NULL,
  `User_ID` int(5) UNSIGNED NOT NULL,
  `Act_ID` int(11) UNSIGNED NOT NULL
) ENGINE=InnoDB DEFAULT CHARSET=utf8mb4 COLLATE=utf8mb4_general_ci;

--
-- Dumping data for table `favoriteact`
--

INSERT INTO `favoriteact` (`favAct_id`, `User_ID`, `Act_ID`) VALUES
(2, 7, 100003),
(3, 8, 100001);

-- --------------------------------------------------------

--
-- Table structure for table `favoritehotel`
--

CREATE TABLE `favoritehotel` (
  `favHotel_id` int(10) UNSIGNED NOT NULL,
  `User_ID` int(5) UNSIGNED NOT NULL,
  `Hotel_ID` int(10) UNSIGNED NOT NULL
) ENGINE=InnoDB DEFAULT CHARSET=utf8mb4 COLLATE=utf8mb4_general_ci;

--
-- Dumping data for table `favoritehotel`
--

INSERT INTO `favoritehotel` (`favHotel_id`, `User_ID`, `Hotel_ID`) VALUES
(4, 7, 1),
(5, 7, 3),
(10, 8, 2);

-- --------------------------------------------------------

--
-- Table structure for table `favoriteplace`
--

CREATE TABLE `favoriteplace` (
  `favPlace_id` int(10) UNSIGNED NOT NULL,
  `User_ID` int(5) UNSIGNED NOT NULL,
  `Place_ID` int(10) UNSIGNED NOT NULL
) ENGINE=InnoDB DEFAULT CHARSET=utf8mb4 COLLATE=utf8mb4_general_ci;

--
-- Dumping data for table `favoriteplace`
--

INSERT INTO `favoriteplace` (`favPlace_id`, `User_ID`, `Place_ID`) VALUES
(1, 7, 10001),
(3, 8, 10003),
(9, 8, 10001);

-- --------------------------------------------------------

--
-- Table structure for table `favoriteplan`
--

CREATE TABLE `favoriteplan` (
  `favPlan_id` int(10) UNSIGNED NOT NULL,
  `User_ID` int(5) UNSIGNED NOT NULL,
  `Plan_pdf` varchar(255) NOT NULL
) ENGINE=InnoDB DEFAULT CHARSET=utf8mb4 COLLATE=utf8mb4_general_ci;

-- --------------------------------------------------------

--
-- Table structure for table `favtransit`
--

CREATE TABLE `favtransit` (
  `Transit_ID` int(10) UNSIGNED NOT NULL,
  `route_distance` varchar(20) NOT NULL,
  `route_emission` varchar(20) NOT NULL,
  `route_fare` varchar(20) NOT NULL,
  `route_steps` text NOT NULL,
  `created_at` timestamp NOT NULL DEFAULT current_timestamp() ON UPDATE current_timestamp(),
  `User_ID` int(5) UNSIGNED NOT NULL
) ENGINE=InnoDB DEFAULT CHARSET=utf8mb4 COLLATE=utf8mb4_general_ci;

--
-- Dumping data for table `favtransit`
--

INSERT INTO `favtransit` (`Transit_ID`, `route_distance`, `route_emission`, `route_fare`, `route_steps`, `created_at`, `User_ID`) VALUES
(2, '4.8', '0.91', '27', '[{\"instruction\":\"Walk to Sinthanee 1 Village\",\"distance\":\"0.5 km\"},{\"instruction\":\"Bus towards Siam Park\",\"distance\":\"1.2 km\"},{\"instruction\":\"Walk to Entrance Prasoet Manukit Road (Nawamin side)\",\"distance\":\"0.2 km\"},{\"instruction\":\"Bus towards Khlong Toei\",\"distance\":\"2.6 km\"},{\"instruction\":\"Walk to 11 Thanon Prasert-Manukitch, Khwaeng Lat Phrao, Khet Lat Phrao, Krung Thep Maha Nakhon 10230, Thailand\",\"distance\":\"0.3 km\"}]', '2024-12-17 20:10:39', 8),
(4, '5.6', '1.42', '20', '[{\"instruction\":\"Walk to Sinthanee 1 Village\",\"distance\":\"0.5 km\"},{\"instruction\":\"Bus towards Siam Park\",\"distance\":\"1.7 km\"},{\"instruction\":\"Walk to Pattavikorn Market\",\"distance\":\"0.1 km\"},{\"instruction\":\"Bus towards Khlong Toei\",\"distance\":\"3.1 km\"},{\"instruction\":\"Walk to 11 Thanon Prasert-Manukitch, Khwaeng Lat Phrao, Khet Lat Phrao, Krung Thep Maha Nakhon 10230, Thailand\",\"distance\":\"0.3 km\"}]', '2024-12-17 20:16:32', 8),
(12, '17.5', '2.49', '40', '[{\"instruction\":\"Walk to BTS Ploenchit (Soi Nai Lert)\",\"distance\":\"13 m\"},{\"instruction\":\"Bus towards Paknam\",\"distance\":\"4.4 km\"},{\"instruction\":\"Walk to BPS Building\",\"distance\":\"0.3 km\"},{\"instruction\":\"Bus towards Minburi\",\"distance\":\"12.2 km\"},{\"instruction\":\"Walk to 11 Thanon Prasert-Manukitch, Khwaeng Lat Phrao, Khet Lat Phrao, Krung Thep Maha Nakhon 10230, Thailand\",\"distance\":\"0.5 km\"}]', '2024-12-17 20:26:06', 8),
(13, '21.2', '6.16', '16', '[{\"instruction\":\"Walk to Sinthana Village\",\"distance\":\"0.5 km\"},{\"instruction\":\"Bus towards Khlong Toei\",\"distance\":\"4.2 km\"},{\"instruction\":\"Bus towards Bangrak\",\"distance\":\"16.3 km\"},{\"instruction\":\"Walk to Lumphini Park, Khwaeng Lumphini, Pathum Wan, Krung Thep Maha Nakhon 10330, Thailand\",\"distance\":\"0.1 km\"}]', '2024-12-18 02:10:32', 8),
(14, '13.3', '1.86', '20', '[{\"instruction\":\"Walk to Tri Petch Isuzu\",\"distance\":\"0.5 km\"},{\"instruction\":\"Bus towards Hua Lamphong\",\"distance\":\"12.4 km\"},{\"instruction\":\"Walk to Samyan, Khwaeng Pathum Wan, Pathum Wan, Krung Thep Maha Nakhon 10500, Thailand\",\"distance\":\"0.4 km\"}]', '2024-12-18 02:11:39', 8);

-- --------------------------------------------------------

--
-- Table structure for table `hotel`
--

CREATE TABLE `hotel` (
  `Hotel_ID` int(10) UNSIGNED NOT NULL,
  `H_ThaiName` varchar(255) NOT NULL,
  `H_EngName` varchar(255) NOT NULL,
  `H_Rating` float NOT NULL,
  `H_Ranking` enum('Silver','Gold','Bronze') NOT NULL,
  `H_LowestPrice` int(11) NOT NULL,
  `H_HighestPrice` int(11) NOT NULL,
  `H_Type` enum('Resort','Hostel','Hotel','Motel','Boutique','Serviced Residence','Budget') NOT NULL,
  `H_Longtitude` decimal(9,6) NOT NULL,
  `H_Latitude` decimal(9,6) NOT NULL,
  `H_ImgSource` varchar(255) NOT NULL
) ENGINE=InnoDB DEFAULT CHARSET=utf8mb4 COLLATE=utf8mb4_general_ci;

--
-- Dumping data for table `hotel`
--

INSERT INTO `hotel` (`Hotel_ID`, `H_ThaiName`, `H_EngName`, `H_Rating`, `H_Ranking`, `H_LowestPrice`, `H_HighestPrice`, `H_Type`, `H_Longtitude`, `H_Latitude`, `H_ImgSource`) VALUES
(1, 'แมริออท เอ็กเซ็กคูลทีฟ อพาร์ตเมนท์ สุขุมวิท ปาร์ค กรุงเทพฯ', 'Sukhumvit Park, Bangkok - Marriott Executive Apartments', 4.5, 'Gold', 4986, 6241, 'Hotel', 13.724398, 100.566729, 'image/Hotel/H_1.jpeg'),
(2, 'โรงแรมแมริออท เอ็คเซ็คคิวทีฟ อพาร์ทเม้นท์ สาทร วิสต้า - กรุงเทพฯ', 'Sathorn Vista, Bangkok - Marriott Executive Apartments', 4.5, 'Gold', 3500, 7000, 'Hotel', 13.723185, 100.537092, 'image/Hotel/H_2.jpeg'),
(3, 'โรงแรมแมนดาริน', 'Mandarin Oriental, Bangkok', 4.7, 'Gold', 2500, 6000, 'Boutique', 13.733149, 100.527159, 'image/Hotel/H_3.jpeg'),
(4, 'โรงแรม เดอะ สลิล ริเวอร์ไซด์ – กรุงเทพ', 'The Salil Hotel Riverside - Bangkok', 4.8, 'Gold', 5000, 6000, 'Boutique', 13.707931, 100.507348, 'image/Hotel/H_4.jpeg'),
(5, 'โรงแรม วิค ทรี แบงค์กอก', 'Vic3 Bangkok Hotel', 4, 'Silver', 1200, 2500, 'Hotel', 13.774410, 100.542170, 'image/Hotel/H_5.jpeg'),
(6, 'เดอะ แอสคอท สาทร', 'Ascott Sathorn Bangkok', 4.4, 'Bronze', 4500, 10000, 'Hotel', 13.720577, 100.528211, 'image/Hotel/H_6.jpeg'),
(7, 'เดอะสยาม', 'The Siam Hotel', 4.7, 'Silver', 35000, 100000, 'Boutique', 13.781138, 100.505992, 'image/Hotel/H_7.jpeg'),
(8, 'โรงแรมปรินซ์พาเลซ', 'Prince Palace Hotel Bangkok', 3.9, 'Silver', 1200, 4000, 'Hotel', 13.754197, 100.515936, 'image/Hotel/H_8.jpeg'),
(9, 'โรงแรมทีเค.พาเลซ แอนด์ คอนเวนชั่น', 'TK. Palace Hotel & Convention', 4.2, 'Gold', 1000, 1500, 'Hotel', 13.891952, 100.561869, 'image/Hotel/H_9.jpeg'),
(10, 'โรงแรมเซ็นทารา แกรนด์ แอทเซ็นทรัลเวิลด์', 'Centara Grand and Bangkok Convention Centre', 4.6, 'Silver', 3000, 10000, 'Hotel', 13.747185, 100.539368, 'image/Hotel/H_10.jpeg'),
(11, 'โรงแรมนูโว ซิตี', 'Nouvo City Hotel', 4.3, 'Silver', 1700, 5000, 'Hotel', 13.762813, 100.499438, 'image/Hotel/H_11.jpeg'),
(12, 'โรงแรมแกรนด์เซนเตอร์พอยต์เทอร์มินอล 21', 'Grande Centre Point Terminal 21', 4.5, 'Silver', 5500, 15000, 'Hotel', 13.737720, 100.561340, 'image/Hotel/H_12.jpeg'),
(13, 'โรงแรม โมเดนา บาย เฟรเซอร์ กรุงเทพฯ', 'Modena by Fraser Bangkok', 4.4, 'Bronze', 1835, 3800, 'Hotel', 13.721182, 100.559926, 'image/Hotel/H_13.jpeg'),
(14, 'โรงแรมฦทธิ์ กรุงเทพ', 'LiT BANGKOK Hotel', 4.4, 'Gold', 2700, 6500, 'Boutique', 13.748102, 100.529572, 'image/Hotel/H_14.jpeg'),
(15, 'โรงแรม ริว่า เซอย่า กรุงเทพฯ', 'Riva Surya Bangkok', 4.6, 'Bronze', 4627, 7878, 'Boutique', 13.762144, 100.493128, 'image/Hotel/H_15.jpeg'),
(16, 'โรงแรมสินธร เคมปินสกี้ กรุงเทพฯ', 'Sindhorn Kempinski Hotel Bangkok', 4.7, 'Gold', 8000, 12000, 'Boutique', 13.736748, 100.543942, 'image/Hotel/H_16.jpeg'),
(17, 'โรงแรมรอยัลริเวอร์', 'The Royal River Hotel', 4.1, 'Gold', 1377, 3500, 'Hotel', 13.783555, 100.500675, 'image/Hotel/H_17.jpeg'),
(18, 'โรงแรม เดอะ เวสทิน แกรนด์ สุขุมวิท กรุงเทพฯ', 'The Westin Grande Sukhumvit, Bangkok', 4.4, 'Gold', 3200, 12000, 'Hotel', 13.738432, 100.559494, 'image/Hotel/H_18.jpeg'),
(19, 'โคโม เมโทรโพลิแทน กรุงเทพฯ', 'COMO Metropolitan Bangkok', 4.7, 'Silver', 4000, 7000, 'Boutique', 13.723567, 100.539167, 'image/Hotel/H_19.jpeg'),
(20, 'โรงแรมอมารี ดอนเมือง แอร์พอร์ต กรุงเทพฯ', 'Amari Don Muang Airport Bangkok', 4.3, 'Gold', 1400, 4000, 'Hotel', 13.920684, 100.600633, 'image/Hotel/H_20.jpeg'),
(21, 'โรงแรมอวานี รัชดา กรุงเทพ', 'Avani Ratchada Bangkok Hotel', 4.4, 'Gold', 1400, 3000, 'Hotel', 13.756595, 100.564699, 'image/Hotel/H_21.jpeg'),
(22, 'โรงแรมคอร์ทยาร์ด บาย แมริออท กรุงเทพฯ', 'Courtyard Bangkok', 4.4, 'Gold', 1200, 3000, 'Hotel', 13.741080, 100.541900, 'image/Hotel/H_22.jpeg'),
(23, 'ชามา เย็นอากาศ กรุงเทพฯ', 'Shama Yen-Akat Bangkok', 4.8, 'Silver', 2000, 5000, 'Serviced Residence', 13.711223, 100.543185, 'image/Hotel/H_23.jpeg'),
(24, 'โรงแรม บลิสตัน สุวรรณ พาร์ค วิว', 'Bliston Suwan Park View Hotel & Serviced Residence', 4.3, 'Bronze', 2000, 4000, 'Serviced Residence', 13.741936, 100.545481, 'image/Hotel/H_24.jpeg'),
(25, 'โรงแรมอาศัย กรุงเทพฯ ไชน่าทาวน์', 'ASAI Bangkok Chinatown', 4.4, 'Bronze', 1500, 3200, 'Hotel', 13.741501, 100.511217, 'image/Hotel/H_25.jpeg'),
(26, 'โรงแรมมณเฑียร สุรวงศ์ กรุงเทพ', 'Montien Hotel Surawong Bangkok', 4.2, 'Bronze', 3999, 8900, 'Hotel', 13.730542, 100.531098, 'image/Hotel/H_26.jpeg'),
(27, 'โรงแรมแกรนด์ ไฮแอท เอราวัณ กรุงเทพ', 'Grand Hyatt Erawan Bangkok', 4.6, 'Silver', 4000, 30000, 'Hotel', 13.743523, 100.540489, 'image/Hotel/H_27.jpeg'),
(28, 'โรงแรม ดับเบิ้ลยู กรุงเทพ', 'W Bangkok', 4.6, 'Silver', 6000, 10000, 'Hotel', 13.722032, 100.528687, 'image/Hotel/H_28.jpeg'),
(29, 'โรงแรมครอสไวบ์ กรุงเทพ สุขุมวิท', 'Cross Vibe Bangkok Sukhumvit', 4.1, 'Silver', 5000, 10000, 'Hotel', 13.590476, 100.609843, 'image/Hotel/H_29.jpeg'),
(30, 'โรงแรมรอยัลปริ๊นเซส หลานหลวง', 'Royal Princess Larn Luang, Bangkok', 4.2, 'Silver', 1800, 3900, 'Hotel', 13.757313, 100.512813, 'image/Hotel/H_30.jpeg'),
(31, 'โรงแรมคิมป์ตัน มาลัย กรุงเทพฯ', 'Kimpton Maa-Lai Bangkok', 4.9, 'Gold', 8500, 25000, 'Hotel', 13.737680, 100.543443, 'image/Hotel/H_31.jpeg'),
(32, 'โรงแรมคาเพลลา แบงค็อก', 'Capella Bangkok', 4.8, 'Gold', 8000, 20000, 'Hotel', 13.712968, 100.511017, 'image/Hotel/H_32.jpeg'),
(33, 'โรงแรมพูลแมน คิง เพาเวอร์ กรุงเทพ', 'Pullman Bangkok King Power', 4.6, 'Bronze', 4500, 15000, 'Hotel', 13.758938, 100.537313, 'image/Hotel/H_33.jpeg'),
(34, 'โรงแรมปทุมวัน ปริ๊นเซส', 'Pathumwan Princess Hotel', 4.5, 'Bronze', 4300, 7500, 'Hotel', 13.731688, 100.582438, 'image/Hotel/H_34.jpeg'),
(35, 'โรงแรมแกรนด์เซนเตอร์พอยต์ สุขุมวิท 55', 'Grande Centre Point Sukhumvit 55', 4.5, 'Bronze', 4200, 6500, 'Hotel', 13.742813, 100.507063, 'image/Hotel/H_35.jpeg'),
(36, 'โรงแรมแกรนด์ไชน่า กรุงเทพ', 'Grand China Bangkok', 4.2, 'Silver', 1600, 5800, 'Hotel', 13.743107, 100.507438, 'image/Hotel/H_36.jpeg'),
(37, 'โรงแรมอเดลฟี่ แกรนด์ สุขุมวิท', 'Adelfi Grand Sukhumvit', 4.4, 'Silver', 2500, 8000, 'Hotel', 13.731575, 100.572580, 'image/Hotel/H_37.jpeg'),
(38, 'โรงแรมสินธร มิดทาวน์', 'Vignette Collection Sindhorn Midtown Hotel Bangkok', 4.7, 'Silver', 4000, 15000, 'Hotel', 13.741355, 100.543016, 'image/Hotel/H_38.jpeg'),
(39, 'โรงแรมอเดลฟี่ โฟร์ตี้ไนน์', 'Adelphi Suites Bangkok', 4.4, 'Gold', 2500, 5500, 'Hotel', 13.738938, 100.555813, 'image/Hotel/H_39.jpeg'),
(40, 'โรงแรมโซ แบงคอก', 'SO/ Bangkok', 4.6, 'Gold', 7200, 15000, 'Hotel', 13.726188, 100.543188, 'image/Hotel/H_40.jpeg'),
(41, 'โรงแรมเซ็นทรา บายเซ็นทารา', 'Centra by Centara', 4.5, 'Gold', 1200, 2500, 'Hotel', 13.761688, 100.504063, 'image/Hotel/H_41.jpeg'),
(42, 'โรงแรมแชงกรี-ลา กรุงเทพ', 'Shangri-La Hotel, Bangkok', 4.6, 'Gold', 6500, 22000, 'Hotel', 13.720938, 100.514063, 'image/Hotel/H_42.jpeg'),
(43, 'โรงแรม สุโขทัย กรุงเทพ', 'Sukhothai Bangkok', 4.6, 'Gold', 8500, 30000, 'Hotel', 13.722938, 100.540813, 'image/Hotel/H_43.jpeg'),
(44, 'โรงแรม รามาการ์เด้นส์', 'Ramada Garden Hotel', 4.2, 'Gold', 1800, 5200, 'Hotel', 13.862563, 100.570438, 'image/Hotel/H_44.jpeg'),
(45, 'โรงแรม ชาเทรียม ริเวอร์ไซด์ กรุงเทพฯ', 'Chatrium Riverside Bangkok', 4.6, 'Gold', 3300, 7500, 'Hotel', 13.710813, 100.509563, 'image/Hotel/H_45.jpeg'),
(46, 'โรงแรมเรด แพลนเนต กรุงเทพฯ อโศก', 'Red Planet Bangkok Asoke', 4, 'Bronze', 1200, 1500, 'Hotel', 13.735438, 100.560188, 'image/Hotel/H_46.jpeg'),
(47, 'ปรินซ์พาเลซ', 'Prince Palace Hotel', 3.9, 'Bronze', 950, 2500, 'Hotel', 13.754188, 100.515938, 'image/Hotel/H_47.jpeg'),
(48, 'โรงแรมเซ็นทาราแกรนด์ เซ็นทรัลพลาซา ลาดพร้าว', 'Centara Grand at Central Plaza Ladprao', 4.5, 'Silver', 2700, 6500, 'Hotel', 13.817800, 100.559828, 'image/Hotel/H_48.jpeg'),
(49, 'ศิวาเทล กรุงเทพ', 'Sivatel Bangkok', 4.5, 'Gold', 4200, 8000, 'Hotel', 13.744813, 100.548063, 'image/Hotel/H_49.jpeg'),
(50, 'เดอะแกรนด์โฟร์วิงส์', 'The Grand Fourwings Convention Hotel', 4.3, 'Bronze', 2900, 5900, 'Hotel', 13.754063, 100.646313, 'image/Hotel/H_50.jpeg'),
(51, 'Al Meroz Hotel', 'Al Meroz Hotel', 4.5, 'Bronze', 2500, 6000, 'Hotel', 13.746063, 100.603813, 'image/Hotel/H_51.jpeg'),
(52, 'เดอะ เบอร์เคลีย์ โฮเต็ล ประตูน้ำ', 'The Berkeley Hotel Pratunam', 4.4, 'Silver', 2400, 6500, 'Hotel', 13.749813, 100.542688, 'image/Hotel/H_52.jpeg'),
(53, 'โรงแรม คราวน์ พลาซ่า กรุงเทพฯ ลุมพินี พาร์ค', 'Crowne Plaza Bangkok Lumpini Park', 4.4, 'Silver', 4500, 8000, 'Hotel', 13.729813, 100.535063, 'image/Hotel/H_53.jpeg'),
(54, 'โรงแรมเซ็นทารา แกรนด์ แอท เซ็นทรัลเวิลด์', 'Centara Grand at CentralWorld', 4.6, 'Silver', 5000, 12000, 'Hotel', 13.747688, 100.538688, 'image/Hotel/H_54.jpeg'),
(55, 'เดอะสยาม กรุงเทพ', 'The Siam Bangkok', 4.7, 'Silver', 25000, 120000, 'Hotel', 13.781188, 100.505938, 'image/Hotel/H_55.jpeg'),
(56, 'โรงแรม แบงค็อกแมริออท เดอะ สุรวงศ์', 'Bangkok Marriott The Surawong', 4.6, 'Gold', 4000, 10000, 'Hotel', 13.727313, 100.522188, 'image/Hotel/H_56.jpeg'),
(57, 'ดับเบิ้ลทรี บาย ฮิลตัน สุขุมวิท กรุงเทพฯ', 'DoubleTree by Hilton Sukhumvit Bangkok', 4.3, 'Bronze', 3500, 7000, 'Hotel', 13.728063, 100.570063, 'image/Hotel/H_57.jpeg'),
(58, 'โรงแรมแกรนด์เซนเตอร์พอยต์ สุขุมวิท 55', 'Grand Centerpoint Terminal 21', 4.5, 'Bronze', 4200, 6500, 'Hotel', 13.738188, 100.560563, 'image/Hotel/H_58.jpeg'),
(59, 'ฮิลตัน สุขุมวิท กรุงเทพฯ', 'Hilton Sukhumvit Bangkok', 4.4, 'Bronze', 5000, 10000, 'Hotel', 13.728563, 100.569063, 'image/Hotel/H_59.jpeg'),
(60, 'โรงแรมอัมรา กรุงเทพฯ', 'Amara Bangkok', 4.4, 'Bronze', 3800, 7500, 'Hotel', 13.729063, 100.527438, 'image/Hotel/H_60.jpeg'),
(61, 'โรงแรมวิค ทรี แบงค์กอก', 'Vic 3 Bangkok', 4, 'Silver', 1500, 3000, 'Hotel', 13.774438, 100.542188, 'image/Hotel/H_61.jpeg'),
(62, 'โรงแรมไอ เรสซิเดนซ์สีลม', 'Iresidence Silom', 3.7, 'Silver', 1500, 3000, 'Hotel', 13.723563, 100.529813, 'image/Hotel/H_62.jpeg'),
(63, 'โรงแรมเอ็มโพเรียม สวีท บาย ชาเทรียม', 'Emporium Suites by Chatrium', 4.4, 'Silver', 3000, 8000, 'Hotel', 13.730063, 100.568313, 'image/Hotel/H_63.jpeg'),
(64, 'โรงแรมเดอะ สุโกศล กรุงเทพ', 'The Sukosol Hotel', 4.4, 'Gold', 2500, 5000, 'Hotel', 13.757938, 100.536188, 'image/Hotel/H_64.jpeg'),
(65, 'โรงแรมรามาดา บาย วินด์แฮม แบงค็อก เจ้าพระยาพาร์ค', 'Chao Phraya Park Hotel', 4, 'Gold', 2000, 4500, 'Hotel', 13.795813, 100.573438, 'image/Hotel/H_65.jpeg'),
(66, 'โรงแรมเซ็นทารา แกรนด์ แอท เซ็นทรัลเวิลด์', 'Centara Grand at CentralWorld', 4.6, 'Bronze', 4000, 8000, 'Hotel', 13.747688, 100.538688, 'image/Hotel/H_66.jpeg'),
(67, 'โรงแรมพูลแมน คิง เพาเวอร์ กรุงเทพ', 'Pullman King Power Bangkok', 4.6, 'Bronze', 2800, 2500, 'Hotel', 13.758938, 100.537313, 'image/Hotel/H_67.jpeg'),
(68, 'โรงแรมอเดลฟี่ โฟร์ตี้ไนน์', 'Adelfi Forty Nine', 4.5, 'Bronze', 2000, 4500, 'Hotel', 13.728313, 100.575688, 'image/Hotel/H_68.jpeg'),
(69, 'โรงแรมแกรนด์ เซนเตอร์พอยท์ เทอร์มินอล 21', 'Grand Centerpoint Terminal 21', 4.5, 'Bronze', 3000, 7000, 'Hotel', 13.738188, 100.560563, 'image/Hotel/H_69.jpeg'),
(70, 'โรงแรมรามาการ์เด้นส์', 'Ramada Garden Hotel', 4.2, 'Silver', 2500, 5500, 'Hotel', 13.862563, 100.570438, 'image/Hotel/H_70.jpeg'),
(71, 'โรงแรมเซ็นทรา บายเซ็นทารา ศูนย์ราชการฯ', 'Centra by Centara Government Complex Hotel', 4.5, 'Silver', 2000, 3500, 'Hotel', 13.883688, 100.564688, 'image/Hotel/H_71.jpeg'),
(72, 'โรงแรมมาเลเซีย', 'Malaysia Hotel', 3.9, 'Silver', 1200, 2500, 'Hotel', 13.722063, 100.546313, 'image/Hotel/H_72.jpeg'),
(73, 'โรงแรมนูโวซิตี้', 'Nuovo City Hotel', 4.3, 'Silver', 1500, 3000, 'Hotel', 13.762813, 100.499438, 'image/Hotel/H_73.jpeg'),
(74, 'โรงแรมชาเทรียม ริเวอร์ไซด์ กรุงเทพ', 'Chatrium Riverside Bangkok', 4.6, 'Gold', 4000, 8000, 'Hotel', 13.710813, 100.509563, 'image/Hotel/H_74.jpeg'),
(75, 'โรงแรมชาเทรียม เรซิเดนซ์ สาทร', 'Chatrium Residence Sathon', 4.5, 'Gold', 2500, 5500, 'Hotel', 13.702563, 100.537188, 'image/Hotel/H_75.jpeg'),
(76, 'โรงแรมโซ โซฟิเทล แบงค็อก', 'SO Sofitel Bangkok', 4.5, 'Gold', 4500, 10000, 'Hotel', 13.739438, 100.557688, 'image/Hotel/H_76.jpeg'),
(77, 'โรงแรมแชงกรี-ลา กรุงเทพ', 'Shangri-La Hotel, Bangkok', 4.6, 'Gold', 5000, 12000, 'Hotel', 13.720938, 100.514063, 'image/Hotel/H_77.jpeg'),
(78, 'โรงแรมแมนดาริน', 'Mandarin Hotel', 4.4, 'Gold', 6000, 15000, 'Hotel', 13.733188, 100.527188, 'image/Hotel/H_78.jpeg'),
(79, 'เอทัส ลุมพินี', 'Ehtus Lumpini', 4.4, 'Silver', 1500, 3000, 'Hotel', 13.724688, 100.547313, 'image/Hotel/H_79.jpeg'),
(80, 'โรงแรมเซ็นทาราแกรนด์ เซ็นทรัลพลาซา ลาดพร้าว', 'Centara Grand at Central Plaza Ladprao', 4.5, 'Silver', 3000, 6500, 'Hotel', 13.817813, 100.559813, 'image/Hotel/H_80.jpeg'),
(81, 'ดรีม กรุงเทพฯ', 'Dream Bangkok', 4.2, 'Silver', 2000, 4000, 'Hotel', 13.836063, 100.718188, 'image/Hotel/H_81.jpeg'),
(82, 'เซ็นทารา วอเตอร์เกท พาวิลเลียม', 'Centara Watergate Pavillion', 4.4, 'Silver', 2500, 5500, 'Hotel', 13.751438, 100.542313, 'image/Hotel/H_82.jpeg'),
(83, 'มายเทรียณ์ สุขุมวิท 18', 'Maitria Sukhumvit 18', 4.4, 'Silver', 1500, 3500, 'Hotel', 13.732938, 100.562563, 'image/Hotel/H_83.jpeg'),
(84, 'ศิวาเทล กรุงเทพ', 'Sivatel Bangkok', 4.5, 'Silver', 2000, 4000, 'Hotel', 13.744813, 100.548063, 'image/Hotel/H_84.jpeg'),
(85, 'ฦทธิ์', 'LiT BANGKOK Hotel', 4.4, 'Gold', 2500, 5000, 'Hotel', 13.748063, 100.529563, 'image/Hotel/H_85.jpeg'),
(86, 'แกรนด์เซ็นเตอร์พอยท์ราชดำริ', 'Grand Centerpoint Ratchadamri', 4.5, 'Gold', 4000, 8000, 'Hotel', 13.741688, 100.541063, 'image/Hotel/H_86.jpeg'),
(87, 'บันยันทรี', 'Banyan Tree Bangkok', 4.7, 'Gold', 6000, 14000, 'Hotel', 13.723688, 100.539813, 'image/Hotel/H_87.jpeg'),
(88, 'รอยัลปริ๊นเซล หลานหลวง', 'Royal Princess Larn Luang', 4.2, 'Gold', 1500, 3000, 'Hotel', 13.757313, 100.512813, 'image/Hotel/H_88.jpeg'),
(89, 'ดุสิตธานี', 'Dusit Thani Bangkok', 4.6, 'Gold', 5000, 12000, 'Hotel', 13.728313, 100.538063, 'image/Hotel/H_89.jpeg'),
(90, 'สยามเคมปินสกี้', 'Siam Kempinski Hotel Bangkok', 4.7, 'Gold', 7000, 20000, 'Hotel', 13.748438, 100.534813, 'image/Hotel/H_90.jpeg'),
(91, 'โรงแรม DPU Place', 'DPU Place', 4.5, 'Bronze', 1000, 2500, 'Hotel', 13.869688, 100.551563, 'image/Hotel/H_91.jpeg'),
(92, 'โรงแรมใบหยก สวีท', 'Baiyoke Suite Hotel', 3.7, 'Bronze', 2500, 6000, 'Hotel', 13.752938, 100.539688, 'image/Hotel/H_92.jpeg'),
(93, 'โรงแรม เดอะสยาม', 'The Siam Hotel', 4.7, 'Bronze', 8000, 20000, 'Hotel', 13.781188, 100.505938, 'image/Hotel/H_93.jpeg'),
(94, 'โรงแรมเดอะ สุโกศล กรุงเทพ', 'The Sukosol Hotel', 4.4, 'Gold', 4000, 12000, 'Hotel', 13.757938, 100.536188, 'image/Hotel/H_94.jpeg'),
(95, 'โรงแรมรามาดา บาย วินด์แฮม แบงค็อก เจ้าพระยาพาร์ค', 'Chao Phraya Park Hotel', 4, 'Gold', 2500, 6000, 'Hotel', 13.795813, 100.573438, 'image/Hotel/H_95.jpeg'),
(96, 'โรงแรมโนโวเทล กรุงเทพ บางนา', 'Novotel Bangkok Bangna', 4.1, 'Gold', 2000, 5000, 'Hotel', 13.673063, 100.646938, 'image/Hotel/H_96.jpeg'),
(97, 'โรงแรมเอ็มโพเรียม สวีท บาย ชาเทรียม', 'Emporium Suites by Chatrium', 4.4, 'Gold', 3000, 8000, 'Hotel', 13.730063, 100.568313, 'image/Hotel/H_97.jpeg'),
(98, 'โรงแรมแกรนด์ เซนเตอร์พอยท์ เทอร์มินอล 21', 'Grand Centerpoint Terminal 21', 4.5, 'Bronze', 4000, 10000, 'Hotel', 13.738188, 100.560563, 'image/Hotel/H_98.jpeg'),
(99, 'มาเลเซีย', 'Malaysia Hotel', 3.9, 'Bronze', 1000, 3000, 'Hotel', 13.722063, 100.546313, 'image/Hotel/H_99.jpeg'),
(100, 'เดอะ สุโกศล', 'The Sukosol Hotel', 4.4, 'Bronze', 3500, 7000, 'Hotel', 13.757938, 100.536188, 'image/Hotel/H_100.jpeg'),
(101, 'โรงแรม รามาการ์เด้นส์', 'Ramada Garden Hotel', 4.2, 'Bronze', 2500, 5500, 'Hotel', 13.862563, 100.570438, 'image/Hotel/H_101.jpeg'),
(102, 'โรงแรมวิค ทรี แบงค์กอก', 'Vic 3 Bangkok', 4, 'Bronze', 1200, 3000, 'Hotel', 13.774438, 100.542188, 'image/Hotel/H_102.jpeg'),
(103, 'เอทัส-บางกอก', 'Ehtus-Bangkok', 4.4, 'Silver', 1500, 4000, 'Hotel', 13.724688, 100.547313, 'image/Hotel/H_103.jpeg'),
(104, 'โนโวเทล บางกอก แพทตินัม', 'Novotel Bangkok Platinum', 4.5, 'Gold', 3000, 6500, 'Hotel', 13.749688, 100.540313, 'image/Hotel/H_104.jpeg'),
(105, 'โรงแรมชาเทรียม ริเวอร์ไซด์ กรุงเทพ', 'Chatrium Riverside Bangkok', 4.6, 'Gold', 4500, 8000, 'Hotel', 13.710813, 100.509563, 'image/Hotel/H_105.jpeg'),
(106, 'โซฟิเทล โซ บางกอก', 'Sofitel So Bangkok', 4.6, 'Gold', 5000, 10000, 'Hotel', 13.726188, 100.543188, 'image/Hotel/H_106.jpeg'),
(107, 'พูลแมน จี สีลม', 'Pullman G Silom', 4.4, 'Gold', 3000, 6500, 'Hotel', 13.726063, 100.525813, 'image/Hotel/H_107.jpeg'),
(108, 'โรงแรมชาเทรียม เรซิเดนซ์ สาทร', 'Chatrium Residence Sathon', 4.5, 'Gold', 2500, 5000, 'Hotel', 13.702563, 100.537188, 'image/Hotel/H_108.jpeg'),
(109, 'พูลแมน บางกอก คิงเพาเวอร์', 'Pullman Bangkok King Power', 4.6, 'Gold', 3500, 7000, 'Hotel', 13.758938, 100.537313, 'image/Hotel/H_109.jpeg'),
(110, 'โฮเทล มิวส์', 'Hotel Muse Bangkok', 4.5, 'Gold', 3500, 7000, 'Hotel', 13.740188, 100.543313, 'image/Hotel/H_110.jpeg'),
(111, 'โรงแรมแชงกรี-ลา กรุงเทพ', 'Shangri-La Hotel, Bangkok', 4.6, 'Gold', 6000, 15000, 'Hotel', 13.720938, 100.514063, 'image/Hotel/H_111.jpeg'),
(112, 'อมารี วอเตอร์เกท', 'Amari Watergate Bangkok', 4.5, 'Gold', 3000, 6000, 'Hotel', 13.750938, 100.540063, 'image/Hotel/H_112.jpeg'),
(113, 'โรงแรมเบสท์ เวสเทิร์น พลัส แวนด้า แกรนด์', 'Best Western Plus Wanda Grand Hotel', 4.3, 'Silver', 1500, 3500, 'Hotel', 13.901630, 100.536620, 'image/Hotel/H_113.jpeg'),
(114, 'โรงแรมอมารีดอนเมือง แอร์พอร์ต กรุงเทพฯ', 'Amari Don Muang Airport Bangkok', 4.3, 'Gold', 1200, 3500, 'Hotel', 13.920688, 100.600688, 'image/Hotel/H_114.jpeg'),
(115, 'สยามเคมปินสกี้', 'Siam Kempinski Hotel Bangkok', 4.7, 'Gold', 6000, 15000, 'Hotel', 13.748438, 100.534813, 'image/Hotel/H_115.jpeg'),
(116, 'โรงแรม เดอะ คัลเลอร์ ลิฟวิ่ง', 'The Color Living Hotel', 3.9, 'Bronze', 1500, 3000, 'Hotel', 13.625063, 100.630063, 'image/Hotel/H_116.jpeg'),
(117, 'โรงแรมเลอ เมอริเดียน สุวรรณภูมิ กรุงเทพฯ กอล์ฟ รีสอร์ท แอนด์ สปา', 'Le Meridien Suvarnabhumi Golf Resort & Spa', 4.5, 'Silver', 3500, 8000, 'Resort', 13.656688, 100.706813, 'image/Hotel/H_117.jpeg'),
(118, 'โรงแรม เซ็น โฮเทล นครปฐม', 'Xen Hotel Nakhon Pathom', 4.1, 'Silver', 1000, 2500, 'Hotel', 13.811938, 100.054313, 'image/Hotel/H_118.jpeg'),
(119, 'โรงแรม ไมด้า แกรนด์ ทวารวดี นครปฐม', 'Mida Grand Tawaravadi Nakhon Pathom', 4.4, 'Silver', 1500, 3000, 'Hotel', 13.807188, 100.057938, 'image/Hotel/H_119.jpeg'),
(120, 'โรงแรมฮ็อป อินน์ แจ้งวัฒนะ', 'Hop Inn Chaengwattana', 4.6, 'Silver', 700, 1200, 'Budget', 13.905313, 100.531188, 'image/Hotel/H_120.jpeg'),
(121, 'โรงแรม กาลนาน ริเวอร์ไซด์ รีสอร์ท', 'Kalanan Riverside Resort', 4.4, 'Silver', 1500, 3000, 'Resort', 13.928188, 100.502813, 'image/Hotel/H_121.jpeg'),
(122, 'แกรนด์ ริชมอนด์ สไตลิช คอนเวนชั่น โฮเทล', 'Grand Richmond Stylish Convention Hotel', 4.2, 'Gold', 2000, 4500, 'Hotel', 13.861563, 100.506313, 'image/Hotel/H_122.jpeg'),
(123, 'โรงแรม ไมด้า งามวงศ์วาน', 'Mida Ngamwongwan', 4, 'Bronze', 1200, 3000, 'Hotel', 13.858188, 100.523313, 'image/Hotel/H_123.jpeg'),
(124, 'โรงแรมริชมอนด์', 'Richmond Hotel', 4.2, 'Gold', 2000, 4000, 'Hotel', 13.861563, 100.506313, 'image/Hotel/H_124.jpeg');

-- --------------------------------------------------------

--
-- Table structure for table `hotelfacility`
--

CREATE TABLE `hotelfacility` (
  `Hotel_ID` int(10) UNSIGNED NOT NULL,
  `Facility_ID` int(10) UNSIGNED NOT NULL
) ENGINE=InnoDB DEFAULT CHARSET=utf8mb4 COLLATE=utf8mb4_general_ci;

--
-- Dumping data for table `hotelfacility`
--

INSERT INTO `hotelfacility` (`Hotel_ID`, `Facility_ID`) VALUES
(1, 1),
(1, 2),
(1, 3),
(1, 4),
(1, 5),
(1, 6),
(1, 7),
(1, 8),
(1, 9),
(2, 1),
(2, 3),
(2, 4),
(2, 5),
(2, 6),
(2, 7),
(2, 8),
(2, 9),
(3, 1),
(3, 3),
(3, 4),
(3, 5),
(3, 6),
(3, 7),
(3, 8),
(4, 1),
(4, 4),
(4, 6),
(5, 3),
(5, 4),
(5, 5),
(5, 6),
(6, 1),
(6, 2),
(6, 3),
(6, 4),
(6, 5),
(6, 6),
(6, 8),
(7, 1),
(7, 2),
(7, 3),
(7, 4),
(7, 6),
(7, 9),
(8, 1),
(8, 2),
(8, 3),
(8, 4),
(8, 6),
(8, 8),
(8, 9),
(9, 1),
(9, 2),
(9, 3),
(9, 4),
(9, 5),
(9, 6),
(9, 8),
(10, 1),
(10, 2),
(10, 3),
(10, 6),
(10, 8),
(10, 9),
(11, 1),
(11, 2),
(11, 3),
(11, 4),
(11, 5),
(11, 6),
(11, 7),
(11, 8),
(11, 9),
(12, 1),
(12, 2),
(12, 3),
(12, 6),
(12, 8),
(13, 1),
(13, 2),
(13, 3),
(13, 6),
(14, 1),
(14, 2),
(14, 3),
(14, 6),
(14, 9),
(15, 1),
(15, 2),
(15, 3),
(15, 5),
(15, 6),
(15, 9),
(16, 1),
(16, 2),
(16, 3),
(16, 4),
(16, 8),
(17, 1),
(17, 6),
(17, 3),
(18, 1),
(18, 3),
(18, 4),
(18, 5),
(18, 6),
(19, 1),
(19, 2),
(19, 3),
(19, 6),
(20, 1),
(20, 4),
(20, 6),
(21, 1),
(21, 3),
(21, 8),
(21, 6),
(22, 1),
(22, 3),
(22, 4),
(23, 1),
(23, 3),
(23, 10),
(23, 6),
(24, 4),
(24, 3),
(24, 8),
(24, 5),
(25, 6),
(25, 3),
(26, 1),
(26, 2),
(26, 3),
(26, 4),
(26, 5),
(26, 8),
(26, 6),
(27, 2),
(27, 2),
(27, 4),
(27, 8),
(27, 6),
(28, 1),
(28, 2),
(28, 3),
(28, 6),
(28, 8),
(28, 9),
(29, 1),
(30, 3),
(30, 4),
(30, 8),
(30, 6),
(31, 3),
(31, 1),
(31, 6),
(32, 1),
(32, 2),
(32, 3),
(32, 6),
(33, 1),
(33, 2),
(33, 3),
(33, 6),
(33, 8),
(34, 1),
(34, 2),
(34, 3),
(34, 6),
(35, 1),
(35, 2),
(35, 3),
(35, 4),
(35, 5),
(35, 6),
(35, 7),
(35, 8),
(36, 1),
(36, 3),
(36, 4),
(36, 6),
(36, 8),
(37, 1),
(37, 3),
(37, 4),
(37, 8),
(37, 5),
(37, 6),
(38, 1),
(38, 6),
(38, 3),
(38, 8),
(39, 1),
(39, 3),
(39, 5),
(39, 6),
(39, 8),
(40, 1),
(40, 2),
(40, 3),
(40, 6),
(41, 1),
(42, 3),
(42, 4),
(42, 5),
(42, 6),
(42, 8),
(43, 1),
(43, 2),
(43, 3),
(43, 4),
(43, 6),
(43, 8),
(44, 1),
(44, 2),
(44, 3),
(44, 4),
(44, 5),
(44, 6),
(44, 7),
(44, 8),
(44, 9),
(45, 1),
(45, 3),
(45, 4),
(45, 6),
(45, 8),
(46, 1),
(46, 2),
(46, 3),
(46, 4),
(46, 5),
(46, 6),
(46, 7),
(46, 8),
(46, 9),
(47, 1),
(47, 2),
(47, 3),
(47, 4),
(47, 5),
(47, 6),
(47, 7),
(47, 8),
(47, 9),
(48, 1),
(48, 2),
(48, 3),
(48, 4),
(48, 5),
(48, 6),
(48, 7),
(48, 8),
(48, 9),
(49, 1),
(49, 2),
(49, 3),
(49, 4),
(49, 5),
(49, 6),
(49, 8),
(49, 9),
(50, 1),
(50, 2),
(50, 3),
(50, 4),
(50, 5),
(50, 6),
(50, 8),
(50, 9),
(51, 4),
(51, 6),
(51, 8),
(51, 9),
(52, 1),
(52, 2),
(52, 3),
(52, 4),
(52, 6),
(52, 8),
(53, 1),
(53, 2),
(53, 3),
(53, 4),
(53, 6),
(53, 8),
(54, 1),
(54, 2),
(54, 3),
(54, 4),
(54, 6),
(54, 8),
(54, 9),
(55, 1),
(55, 2),
(55, 3),
(55, 4),
(55, 6),
(55, 8),
(55, 9),
(55, 10),
(56, 1),
(56, 2),
(56, 3),
(56, 6),
(56, 8),
(57, 1),
(57, 10),
(57, 3),
(57, 6),
(57, 8),
(58, 1),
(58, 2),
(58, 3),
(58, 6),
(58, 4),
(59, 1),
(59, 4),
(59, 3),
(59, 6),
(59, 9),
(60, 1),
(60, 4),
(60, 3),
(60, 6),
(60, 5),
(61, 1),
(61, 3),
(61, 5),
(61, 6),
(61, 8),
(61, 9),
(62, 3),
(62, 4),
(62, 5),
(62, 6),
(62, 8),
(63, 1),
(63, 3),
(63, 4),
(63, 6),
(63, 9),
(64, 1),
(64, 3),
(64, 2),
(64, 6),
(64, 8),
(65, 1),
(65, 3),
(65, 2),
(65, 6),
(66, 1),
(66, 3),
(66, 2),
(66, 6),
(66, 4),
(66, 8),
(66, 10),
(67, 1),
(67, 2),
(67, 3),
(67, 4),
(68, 6),
(68, 3),
(68, 4),
(69, 1),
(69, 4),
(69, 3),
(69, 6),
(69, 8),
(70, 1),
(70, 3),
(70, 4),
(71, 3),
(71, 5),
(71, 6),
(71, 4),
(71, 8),
(71, 10),
(72, 1),
(72, 2),
(73, 1),
(73, 3),
(73, 6),
(73, 4),
(73, 8),
(73, 5),
(74, 3),
(74, 1),
(74, 6),
(74, 4),
(74, 8),
(74, 10),
(75, 3),
(75, 6),
(75, 1),
(76, 3),
(76, 2),
(76, 1),
(76, 8),
(77, 3),
(77, 1),
(77, 6),
(77, 2),
(78, 3),
(78, 1),
(79, 3),
(79, 5),
(79, 1),
(79, 8),
(80, 3),
(80, 4),
(80, 6),
(80, 9),
(80, 8),
(81, 3),
(81, 1),
(81, 5),
(81, 4),
(81, 6),
(82, 3),
(83, 2),
(84, 3),
(84, 1),
(84, 2),
(84, 8),
(84, 6),
(84, 5),
(85, 1),
(85, 2),
(85, 3),
(85, 6),
(85, 4),
(85, 8),
(86, 1),
(86, 2),
(86, 3),
(86, 6),
(86, 4),
(86, 8),
(86, 5),
(87, 1),
(87, 2),
(87, 3),
(87, 6),
(87, 4),
(87, 8),
(88, 1),
(88, 2),
(88, 3),
(88, 6),
(88, 4),
(88, 8),
(89, 1),
(89, 2),
(89, 3),
(89, 6),
(89, 4),
(89, 8),
(90, 1),
(90, 2),
(90, 3),
(90, 6),
(90, 4),
(90, 5),
(91, 1),
(91, 3),
(91, 4),
(91, 5),
(91, 8),
(92, 1),
(92, 3),
(92, 4),
(92, 6),
(92, 8),
(92, 5),
(93, 1),
(93, 2),
(93, 3),
(93, 4),
(93, 8),
(93, 6),
(94, 1),
(94, 2),
(94, 3),
(94, 4),
(94, 5),
(94, 6),
(94, 8),
(95, 1),
(95, 2),
(95, 3),
(95, 4),
(95, 5),
(95, 6),
(95, 8),
(96, 1),
(96, 2),
(96, 3),
(96, 4),
(96, 5),
(96, 6),
(96, 7),
(96, 8),
(97, 1),
(97, 2),
(97, 3),
(97, 4),
(97, 5),
(97, 6),
(97, 7),
(97, 8),
(98, 1),
(98, 2),
(98, 3),
(98, 4),
(98, 5),
(98, 6),
(98, 7),
(98, 8),
(99, 3),
(99, 5),
(99, 6),
(100, 1),
(100, 2),
(100, 3),
(100, 4),
(100, 8),
(100, 6),
(101, 1),
(101, 2),
(101, 3),
(101, 4),
(101, 5),
(101, 6),
(101, 8),
(101, 3),
(101, 4),
(101, 9),
(101, 6),
(102, 3),
(102, 4),
(102, 9),
(102, 6),
(103, 2),
(104, 3),
(104, 4),
(104, 6),
(105, 2),
(106, 3),
(106, 4),
(106, 6),
(106, 10),
(107, 1),
(107, 2),
(107, 3),
(107, 4),
(107, 6),
(108, 1),
(108, 3),
(108, 4),
(108, 6),
(108, 7),
(108, 8),
(109, 3),
(110, 4),
(110, 6),
(110, 10),
(111, 1),
(111, 2),
(111, 3),
(111, 4),
(111, 6),
(113, 1),
(113, 3),
(113, 4),
(113, 6),
(113, 5),
(113, 10),
(112, 1),
(112, 3),
(112, 4),
(112, 6),
(114, 1),
(114, 3),
(114, 4),
(114, 6),
(115, 1),
(115, 3),
(115, 2),
(115, 6),
(115, 9),
(116, 3),
(116, 8),
(117, 1),
(117, 3),
(117, 4),
(117, 6),
(117, 8),
(117, 2),
(118, 3),
(118, 4),
(118, 6),
(119, 1),
(119, 3),
(119, 2),
(119, 7),
(120, 1),
(120, 4),
(120, 5),
(121, 6),
(121, 3),
(121, 2),
(121, 4),
(122, 1),
(122, 3),
(122, 2),
(122, 6),
(123, 3),
(123, 2),
(123, 6),
(124, 3);

-- --------------------------------------------------------

--
-- Table structure for table `place`
--

CREATE TABLE `place` (
  `Place_ID` int(10) UNSIGNED NOT NULL,
  `P_EngName` varchar(255) NOT NULL,
  `P_ThaiName` varchar(255) NOT NULL,
  `P_Description` varchar(255) NOT NULL,
  `P_Subdistrict` varchar(100) NOT NULL,
  `P_District` varchar(100) NOT NULL,
  `P_Province` varchar(100) NOT NULL,
  `P_Latitude` decimal(9,6) NOT NULL,
  `P_Longtitude` decimal(9,6) NOT NULL,
  `P_Opentime` time NOT NULL,
  `P_Closetime` time NOT NULL,
  `P_CloseDay` varchar(255) DEFAULT NULL,
  `P_Price` int(11) NOT NULL,
  `P_Rating` float NOT NULL,
  `P_Type` enum('สวนสาธารณะ','ป่า','อุทยาน','สวนสัตว์','วัด','สวนลอยฟ้า','ตลาดน้ำ','ศิลปะและวัฒนธรรม','ทะเล','พิพิธภัณฑ์','สถานที่ประวัติศาสตร์','ร้านอาหาร','ฟาร์ม','แหล่งเรียนรู้','สถานที่ธรรมชาติ','ป่าชายเลน','คาเฟ่','สวนน้ำ','อื่นๆ') DEFAULT 'อื่นๆ',
  `P_ImgSource` varchar(255) NOT NULL
) ENGINE=InnoDB DEFAULT CHARSET=utf8mb4 COLLATE=utf8mb4_general_ci;

--
-- Dumping data for table `place`
--

INSERT INTO `place` (`Place_ID`, `P_EngName`, `P_ThaiName`, `P_Description`, `P_Subdistrict`, `P_District`, `P_Province`, `P_Latitude`, `P_Longtitude`, `P_Opentime`, `P_Closetime`, `P_CloseDay`, `P_Price`, `P_Rating`, `P_Type`, `P_ImgSource`) VALUES
(10001, 'Lumphini Park', 'สวนลุมพินี', 'สวนสาธารณะใจกลางกรุงเทพฯ ที่มีพื้นที่กว้างขวาง เหมาะแก่การพักผ่อน วิ่งออกกำลังกายและเดินเล่น', 'ลุมพินี', 'ปทุมวัน', 'กรุงเทพมหานคร', 13.731438, 100.541688, '04:30:00', '22:00:00', NULL, 0, 4.5, 'สวนสาธารณะ', 'image/PLACE/BKK/P_BKK001.jpg'),
(10002, 'Safari World Bangkok', 'ซาฟารีเวิลด์ กรุงเทพ', 'สวนสัตว์ที่มีพื้นที่กว้างขวางและเป็นที่นิยมสำหรับครอบครัว มีการแสดงสัตว์และกิจกรรมต่างๆ', 'สามวาตะวันตก', 'สามวา', 'กรุงเทพมหานคร', 13.865438, 100.703063, '09:00:00', '17:00:00', NULL, 1000, 4.7, 'สวนสัตว์', 'image/PLACE/BKK/P_BKK002.jpeg'),
(10003, 'Benchakitti Park', 'สวนเบญจกิติ', 'สวนสาธารณะในย่านธุรกิจ ที่มีสวนต้นไม้และพื้นที่น้ำสำหรับกิจกรรมกลางแจ้ง', 'คลองเตย', 'คลองเตย', 'กรุงเทพมหานคร', 13.729563, 100.558688, '05:00:00', '21:00:00', NULL, 0, 4.4, 'สวนสาธารณะ', 'image/PLACE/BKK/P_BKK003.jpeg'),
(10004, 'Chatuchak Park', 'สวนจตุจักร', 'สวนสาธารณะที่มีชื่อเสียงในหมู่ชาวกรุงเทพฯ เป็นที่พักผ่อนและออกกำลังกายท่ามกลางธรรมชาติ', 'กำแพงเพชร3', 'จตุจักร', 'กรุงเทพมหานคร', 13.807438, 100.555438, '04:30:00', '21:00:00', NULL, 0, 4.3, 'สวนสาธารณะ', 'image/PLACE/BKK/P_BKK004.jpeg'),
(10005, 'Suan Luang Rama IX', 'สวนหลวงร.9', 'สวนขนาดใหญ่ที่มีพื้นที่สีเขียวและทะเลสาบ มีการจัดกิจกรรมและเป็นที่นิยมของผู้คนในเขตสวนหลวง', 'หนองบอน', 'ประเวศ', 'กรุงเทพมหานคร', 13.688313, 100.664188, '05:00:00', '19:00:00', NULL, 10, 4.6, 'สวนสาธารณะ', 'image/PLACE/BKK/P_BKK005.webp'),
(10006, 'Benchasiri Park', 'สวนเบญจสิริ', 'สวนสาธารณะเล็กๆ ที่เหมาะสำหรับการเดินเล่นและผ่อนคลาย ใกล้กับย่านสุขุมวิท', 'คลองตัน', 'คลองเตย', 'กรุงเทพมหานคร', 13.731438, 100.567938, '05:00:00', '20:00:00', NULL, 0, 4.3, 'สวนสาธารณะ', 'image/PLACE/BKK/P_BKK006.jpeg'),
(10007, 'Queen Sirikit Park', 'สวนสมเด็จพระนางเจ้าสิริกิต์', 'สวนที่มีลักษณะโดดเด่นด้วยการออกแบบสถาปัตยกรรมและความสวยงามของธรรมชาติ', 'กำแพงเพชร2', 'จตุจักร', 'กรุงเทพมหานคร', 13.807563, 100.550563, '05:00:00', '21:00:00', NULL, 0, 4.4, 'สวนสาธารณะ', 'image/PLACE/BKK/P_BKK007.jpeg'),
(10008, 'Wachirabenchathat Park (Rot Fai Park)', 'สวนวชิรเบญจทัศ (สวนรถไฟ)', 'สวนสาธารณะในเขตดอนเมือง เป็นที่พักผ่อนและมีกิจกรรมต่างๆ สำหรับครอบครัว', 'กำแพงเพชร3', 'ลาดยาว', 'กรุงเทพมหานคร', 13.811063, 100.553688, '05:00:00', '19:00:00', NULL, 0, 4.3, 'สวนสาธารณะ', 'image/PLACE/BKK/P_BKK008.jpeg'),
(10009, 'Bangkok Butterfly Garden and Insectarium', 'อุทยานผีเสื้อและแมลง กรุงเทพฯ', 'สถานที่ที่มีความหลากหลายทางชีวภาพกับการแสดงผีเสื้อและแมลงในสภาพแวดล้อมธรรมชาติ', 'ลาดยาว', 'จตุจักร', 'กรุงเทพมหานคร', 13.808497, 100.555030, '08:30:00', '16:30:00', 'จันทร์', 50, 4.2, 'อุทยาน', 'image/PLACE/BKK/P_BKK009.jpeg'),
(10010, 'Urban Forest Project', 'หอชมป่า โครงการป่าในกรุง ปตท.', 'โครงการอนุรักษ์ธรรมชาติที่มีสวนป่าและพื้นที่สีเขียวกลางกรุงเทพฯ', 'ประเวศ', 'ประเวศ', 'กรุงเทพมหานคร', 13.691688, 100.703563, '06:00:00', '18:00:00', NULL, 0, 4.5, 'ป่า', 'image/PLACE/BKK/P_BKK010.jpeg'),
(10011, 'Saranrom Park', 'สวนสราญรมย์ ', 'สวนสาธารณะในย่านบางลำพู ที่มีบรรยากาศร่มรื่นและพื้นที่สำหรับออกกำลังกาย', 'พระบรมหาราชวัง', 'พระนคร', 'กรุงเทพมหานคร', 13.741662, 100.494131, '05:00:00', '20:00:00', NULL, 0, 4, 'สวนสาธารณะ', 'image/PLACE/BKK/P_BKK011.png'),
(10012, 'Santi Chai Prakan Park', 'สวนสันติชัยปราการ', 'สวนที่ให้ความรู้สึกสงบ สวยงามในย่านบางลำพู', 'ชนะสงคราม', 'พระนคร', 'กรุงเทพมหานคร', 13.762022, 100.493420, '05:00:00', '21:00:00', NULL, 0, 4.2, 'สวนสาธารณะ', 'image/PLACE/BKK/P_BKK012.jpeg'),
(10013, 'Santiphap Park', 'สวนสันติภาพ', 'สวนที่ออกแบบให้มีความสงบและร่มรื่น เหมาะสำหรับการพักผ่อน', 'พญาไท', 'ราชเทวี', 'กรุงเทพมหานคร', 13.773571, 100.519067, '05:00:00', '20:00:00', NULL, 0, 4.1, 'สวนสาธารณะ', 'image/PLACE/BKK/P_BKK013.jpeg'),
(10014, 'Rommani Nat Park', 'สวนรมณีนาถ', 'สวนเล็กๆ ที่เหมาะสำหรับการเดินเล่นและมีบรรยากาศธรรมชาติ', 'สำราญราษฎร์', 'พระนคร', 'กรุงเทพมหานคร', 13.750953, 100.504218, '05:00:00', '20:00:00', NULL, 0, 4, 'สวนสาธารณะ', 'image/PLACE/BKK/P_BKK014.jpeg'),
(10015, 'Poomjai Garden', 'สวนภูมิใจ', 'สวนที่มีพื้นที่สีเขียวให้ผ่อนคลาย และเหมาะสำหรับการออกกำลังกาย', 'จอมทอง', 'จอมทอง', 'กรุงเทพมหานคร', 13.691313, 100.466813, '05:00:00', '20:00:00', NULL, 0, 4, 'สวนสาธารณะ', 'image/PLACE/BKK/P_BKK015.jpeg'),
(10016, 'Suan Luang Rama VIII Park', 'สวนหลวงพระราม 8', 'สวนที่ตั้งอยู่ริมแม่น้ำเจ้าพระยา เป็นที่นิยมสำหรับกิจกรรมกลางแจ้งและชมวิว', 'บางพลัด', 'บางพลัด', 'กรุงเทพมหานคร', 13.769525, 100.486852, '05:00:00', '20:00:00', NULL, 0, 4.3, 'สวนสาธารณะ', 'image/PLACE/BKK/P_BKK016.jpeg'),
(10017, 'Pathum Wananurak Park', 'สวนปทุมวนานุรักษ์', 'สวนอนุรักษ์ธรรมชาติที่มีพื้นที่สำหรับกิจกรรมกลางแจ้ง', 'ปทุมวัน', 'ปทุมวัน', 'กรุงเทพมหานคร', 13.748688, 100.540188, '05:00:00', '20:00:00', NULL, 0, 4.2, 'สวนสาธารณะ', 'image/PLACE/BKK/P_BKK017.jpeg'),
(10018, 'Thonburirom Park', 'สวนธนบุรีรมย์', 'สวนที่ให้ความรู้สึกผ่อนคลายและร่มรื่น', 'บางมด', 'ทุ่งครุ', 'กรุงเทพมหานคร', 13.651489, 100.484622, '05:00:00', '21:00:00', NULL, 0, 4, 'สวนสาธารณะ', 'image/PLACE/BKK/P_BKK018.jpeg'),
(10019, 'Taling Chan Floating Market', 'ตลาดน้ำตลิ่งชัน', 'ตลาดน้ำที่คึกคักในช่วงวันหยุด มีเรือขายผลไม้ อาหารทะเล และอาหารพื้นบ้าน สัมผัสบรรยากาศวิถีไทยแบบดั้งเดิมริมคลอง', 'คลองชักพระ', 'ตลิ่งชัน', 'กรุงเทพมหานคร', 13.776313, 100.456563, '08:00:00', '17:00:00', 'จันทร์,อังคาร,พุธ,พฤหัสบดี,ศุกร์', 0, 4.2, 'ตลาดน้ำ', 'image/PLACE/BKK/P_BKK019.jpeg'),
(10020, 'Khlong Lat Mayom Floating Market', 'ตลาดน้ำคลองลัดมะยม', 'ตลาดน้ำเล็กๆ ที่ตั้งอยู่ท่ามกลางธรรมชาติ มีร้านขายอาหารไทย ผลไม้สด และของที่ระลึก บรรยากาศสงบและร่มรื่น', 'บางระมาด ', 'ตลิ่งชัน', 'กรุงเทพมหานคร', 13.761563, 100.415438, '08:00:00', '17:00:00', 'จันทร์,อังคาร,พุธ,พฤหัสบดี,ศุกร์', 0, 4.4, 'ตลาดน้ำ', 'image/PLACE/BKK/P_BKK020.jpeg'),
(10021, 'The Artist House Bangkok', 'บ้านศิลปิน คลองบางหลวง', 'บ้านไม้ริมน้ำสำหรับคนรักศิลปะ มีการแสดงหุ่นกระบอกและนิทรรศการศิลปะให้ชม พร้อมกิจกรรมศิลปะให้ร่วมทำ', 'หาสวรรค์', 'ภาษีเจริญ', 'กรุงเทพมหานคร', 13.731188, 100.463313, '10:00:00', '18:00:00', NULL, 0, 4.5, 'ศิลปะและวัฒนธรรม', 'image/PLACE/BKK/P_BKK021.jpeg'),
(10022, 'Wat Sa Ket Ratchaworamahawihan (The Golden Mount)', 'วัดสระเกศราชวรมหาวิหาร (ภูเขาทอง)', 'วัดบนภูเขาทองที่มีเจดีย์สีทองโดดเด่น สามารถชมวิวกรุงเทพฯ ได้รอบทิศ ให้ความรู้สึกเงียบสงบและศักดิ์สิทธิ์', 'บ้านบาตร ', 'ป้อมปราบศัตรูพ่าย', 'กรุงเทพมหานคร', 13.753813, 100.506563, '07:00:00', '19:00:00', NULL, 50, 4.6, 'วัด', 'image/PLACE/BKK/P_BKK022.jpeg'),
(10023, 'Princess Mother Memorial Park', 'อุทยานเฉลิมพระเกียรติ สมเด็จพระศรีนครินทราบรมราชชนนี', 'สวนสาธารณะที่จัดขึ้นเพื่อรำลึกถึงสมเด็จย่า มีสวนที่ร่มรื่นและพิพิธภัณฑ์แสดงเรื่องราวชีวิตและพระราชกรณียกิจ', 'สมเด็จเจ้าพระยา', 'คลองสาน', 'กรุงเทพมหานคร', 13.735157, 100.499001, '06:00:00', '18:00:00', NULL, 0, 4.5, 'อุทยาน', 'image/PLACE/BKK/P_BKK023.jpeg'),
(10024, 'Chao Phraya Sky Park', 'สวนลอยฟ้าเจ้าพระยา', 'สวนลอยฟ้าเชื่อมแม่น้ำเจ้าพระยา ให้เดินชมวิวแม่น้ำและทิวทัศน์กรุงเทพฯ มีต้นไม้ประดับให้ร่มเงาตลอดทางเดิน', 'วังบูรพาภิรมย์', 'พระนคร', 'กรุงเทพมหานคร', 13.739695, 100.499167, '05:00:00', '20:00:00', NULL, 0, 4.1, 'สวนลอยฟ้า', 'image/PLACE/BKK/P_BKK024.jpeg'),
(10025, 'Wat Phra Si Rattana Satsadaram (Wat Phra Kaew)', 'วัดพระแก้วพระพรหมวิหาร', 'วัดสำคัญที่ประดิษฐานพระแก้วมรกตในเขตพระบรมมหาราชวัง โดดเด่นด้วยสถาปัตยกรรมวิจิตรและบรรยากาศศักดิ์สิทธิ์', 'พระบรมหาราชวัง', 'พระนคร', 'กรุงเทพมหานคร', 13.749863, 100.491578, '06:00:00', '15:00:00', NULL, 50, 4.9, 'วัด', 'image/PLACE/BKK/P_BKK025.jpeg'),
(10026, 'Wat Arun Ratchawararam Ratchawaramahawihan', 'วัดอรุณราชวรารามราชวรมหาวิหาร', 'วัดริมแม่น้ำเจ้าพระยาที่มีพระปรางค์ประดับกระเบื้องสีงดงาม เป็นสัญลักษณ์แห่งรุ่งอรุณของกรุงเทพฯ', 'วัดอรุณ ', 'บางกอกใหญ่', 'กรุงเทพมหานคร', 13.743813, 100.488438, '07:00:00', '18:00:00', NULL, 0, 4.8, 'วัด', 'image/PLACE/BKK/P_BKK026.jpeg'),
(10027, 'Natura Café', 'แนทชูล่า คาเฟ่', 'คาเฟ่ในสวนบรรยากาศร่มรื่น เสิร์ฟเมนูออร์แกนิกและเครื่องดื่มท่ามกลางธรรมชาติ', 'จอมทอง', 'จอมทอง', 'กรุงเทพมหานคร', 13.691438, 100.467063, '08:00:00', '17:00:00', NULL, 0, 4.5, 'คาเฟ่', 'image/PLACE/BKK/P_BKK027.jpeg'),
(10028, 'Mok cafe', 'หมอก คาเฟ่', 'คาเฟ่บรรยากาศธรรมชาติท่ามกลางต้นไม้เขียวขจี พร้อมบริการเมนูกาแฟและขนมอร่อยๆ ให้ความรู้สึกสงบและสดชื่น', 'รามอินทรา ', 'คันนายาว', 'กรุงเทพมหานคร', 13.813188, 100.670813, '09:00:00', '20:00:00', NULL, 0, 4.6, 'คาเฟ่', 'image/PLACE/BKK/P_BKK028.jpeg'),
(10029, 'Patom Organic Living', 'ร้านปฐม', 'คาเฟ่ออร์แกนิกที่เน้นวัตถุดิบธรรมชาติ ท่ามกลางสวนเขียวขจี พร้อมเสิร์ฟอาหารและเครื่องดื่มเพื่อสุขภาพ ในบรรยากาศสบายๆ', 'คลองตันเหนือ', 'วัฒนา', 'กรุงเทพมหานคร', 13.738563, 100.579188, '10:00:00', '20:00:00', 'จันทร์', 0, 4.5, 'คาเฟ่', 'image/PLACE/BKK/P_BKK029.jpeg'),
(10030, 'The 66 Cottage', 'เดอะ 66 คอทเทจ', 'คาเฟ่ในสวนบรรยากาศร่มรื่น ให้ความรู้สึกเหมือนพักผ่อนที่บ้าน พร้อมเสิร์ฟอาหารโฮมเมดและเครื่องดื่มหลากหลาย', 'บางนา', 'บางนา', 'กรุงเทพมหานคร', 13.682813, 100.608813, '11:00:00', '18:00:00', 'จันทร์', 0, 4.7, 'คาเฟ่', 'image/PLACE/BKK/P_BKK030.jpeg'),
(10031, 'Little Hideout', 'ลิทเทิล ไฮด์เฮาส์', 'คาเฟ่ขนาดเล็กที่ซ่อนอยู่ในสวน มีขนมและเครื่องดื่มที่ตกแต่งอย่างพิถีพิถัน สถานที่เงียบสงบเหมาะกับการพักผ่อน', 'ฉิมพลี ', 'ตลิ่งชัน', 'กรุงเทพมหานคร', 13.784188, 100.442938, '12:00:00', '18:00:00', NULL, 0, 4.4, 'คาเฟ่', 'image/PLACE/BKK/P_BKK031.jpeg'),
(10032, 'Hey’s Chapter x Pasta Ama', 'เฮ่ คอฟฟี่', 'คาเฟ่ที่เน้นอาหารและกาแฟสไตล์ยุโรป เสิร์ฟพร้อมกับเสน่ห์ของการตกแต่งร้านที่อบอุ่นและทันสมัย', 'สวนหลวง', 'สวนหลวง', 'กรุงเทพมหานคร', 13.742938, 100.634813, '13:00:00', '21:00:00', NULL, 0, 4.5, 'คาเฟ่', 'image/PLACE/BKK/P_BKK032.jpeg'),
(10033, 'The Treehouse Nongchok', 'เดอะ ทรีเฮาส์', 'คาเฟ่ที่ตกแต่งสไตล์บ้านต้นไม้ โอบล้อมด้วยธรรมชาติ เหมาะสำหรับการพักผ่อนและถ่ายรูป', 'คู้ฝั่งเหนือ', 'หนองจอก', 'กรุงเทพมหานคร', 13.854563, 100.815563, '14:00:00', '20:00:00', 'พุธ', 0, 4.3, 'คาเฟ่', 'image/PLACE/BKK/P_BKK033.jpeg'),
(10034, 'Seri Thai Park, Bueng Kum', 'สวนเสรีไทย บึงกุ่ม', 'สวนสาธารณะที่เงียบสงบ มีบึงน้ำขนาดใหญ่และพื้นที่สำหรับพักผ่อนและออกกำลังกาย', 'คลองกุ่ม', 'บึงกุ่ม', 'กรุงเทพมหานคร', 13.787063, 100.674400, '05:00:00', '21:00:00', NULL, 0, 4, 'สวนสาธารณะ', 'image/PLACE/BKK/P_BKK034.jpeg'),
(10035, 'Bueng Phraya Floating Market', 'ตลาดริมน้ำ วัดพระยาสุเรนทร์', 'ชุมชนริมคลองที่นักท่องเที่ยวสามารถสัมผัสวิถีชีวิตชาวบ้าน', 'สามวาตะวันตก ', 'เขตคลองสามวา ', 'กรุงเทพมหานคร', 13.873438, 100.684600, '08:00:00', '16:00:00', 'จันทร์,อังคาร,พุธ,พฤหัสบดี,ศุกร์', 0, 4.1, 'ตลาดน้ำ', 'image/PLACE/BKK/P_BKK035.jpeg'),
(20001, 'Bang Krachao', 'บางกระเจ้า', 'พื้นที่สีเขียวขนาดใหญ่ริมแม่น้ำเจ้าพระยา เหมาะสำหรับปั่นจักรยานและเดินชมธรรมชาติ', 'บางกะเจ้า', 'พระประแดง', 'สมุทรปราการ', 13.680713, 100.566300, '06:00:00', '18:00:00', NULL, 0, 4.2, 'อุทยาน', 'image/PLACE/SPK/P_SPK001.jpeg'),
(20002, 'Bang Pu Recreation Center', 'สถานตากอากาศบางปู', 'ชายหาดสวยและแหล่งดูนกนางนวลที่มีชื่อเสียงในช่วงฤดูหนาว', 'บางปูใหม่', 'เมืองสมุทรปราการ', 'สมุทรปราการ', 13.517313, 100.654900, '10:00:00', '20:00:00', NULL, 0, 4.2, 'ทะเล', 'image/PLACE/SPK/P_SPK002.jpeg'),
(20003, 'The Erawan Museum', 'พิพิธภัณฑ์ ช้างเอราวัณ', 'สถานที่ศักดิ์สิทธิ์ที่มีรูปปั้นช้างสามเศียรขนาดใหญ่ ภายในมีพิพิธภัณฑ์ที่จัดแสดงศิลปะไทย', 'บางเมืองใหม่', 'เมืองสมุทรปราการ', 'สมุทรปราการ', 13.628563, 100.588900, '09:00:00', '18:00:00', NULL, 200, 4.6, 'พิพิธภัณฑ์', 'image/PLACE/SPK/P_SPK003.jpeg'),
(20004, 'Samut Prakan Crocodile Farm & Zoo', 'ฟาร์มจระเข้และสวนสัตว์ สมุทรปราการ', 'ฟาร์มจระเข้ที่ใหญ่ที่สุดในโลก พร้อมชมการแสดงและสัตว์หลากหลายชนิด', 'ท้ายบ้าน', 'เมืองสมุทรปราการ', 'สมุทรปราการ', 13.571515, 100.591300, '08:00:00', '18:00:00', NULL, 100, 4.2, 'สวนสัตว์', 'image/PLACE/SPK/P_SPK004.jpeg'),
(20005, 'Asokaram Temple', 'วัดอโศการาม', 'วัดที่เงียบสงบและร่มรื่น มีเจดีย์เก่าแก่และพื้นที่นั่งสมาธิ', 'ท้ายบ้าน', 'เมืองสมุทรปราการ', 'สมุทรปราการ', 13.547313, 100.608100, '06:00:00', '22:00:00', NULL, 0, 4.5, 'วัด', 'image/PLACE/SPK/P_SPK005.jpeg'),
(20006, 'Phra Chulachomklao Fort', 'ป้อมพระจุลจอมเกล้า', 'ป้อมปืนโบราณที่ตั้งอยู่ริมแม่น้ำเจ้าพระยา สามารถชมวิวแม่น้ำและเรียนรู้ประวัติศาสตร์', 'แหลมผ่าฟ้า', 'พระสมุทรเจดีย์', 'สมุทรปราการ', 13.537813, 100.583700, '08:30:00', '21:00:00', NULL, 20, 4.2, 'สถานที่ประวัติศาสตร์', 'image/PLACE/SPK/P_SPK006.jpeg'),
(20007, 'Bang Pu Nature Education Centre', 'ศูนย์ศึกษาธรรมชาติกองทัพบกบางปู', 'ศูนย์ศึกษาธรรมชาติที่มีเส้นทางเดินป่าชายเลนและชมวิถีชีวิตสัตว์ป่า', 'บางปูใหม่', 'เมืองสมุทรปราการ', 'สมุทรปราการ', 13.517563, 100.655200, '09:00:00', '16:00:00', 'เสาร์,อาทิตย์', 0, 4.4, 'แหล่งเรียนรู้', 'image/PLACE/SPK/P_SPK007.jpeg'),
(20008, 'Bang Nam Phueng Floating Market', 'ตลาดน้ำบางน้ำผึ้ง', 'ตลาดน้ำบรรยากาศท้องถิ่นที่มีอาหารและสินค้าจากชุมชน', 'บางน้ำผึ้ง', 'พระประแดง', 'สมุทรปราการ', 13.679688, 100.573700, '07:00:00', '16:00:00', 'จันทร์,อังคาร,พุธ,พฤหัสบดี,ศุกร์', 0, 4.5, 'ตลาดน้ำ', 'image/PLACE/SPK/P_SPK008.jpeg'),
(20009, 'Hiddenwoods cafe / e-scooter rental shop', 'ฮีดเด้น วู๊ดส์ คาเฟ่ / ร้านเช่ารถสกูตเตอร์ไฟฟ้า', 'ตั้งอยู่ท่ามกลางธรรมชาติ เงียบสงบ พร้อมบริการเครื่องดื่มและกิจกรรมเช่าสกูตเตอร์ไฟฟ้าสำหรับผู้ที่ชื่นชอบการสำรวจเส้นทางสีเขียว', 'บางน้ำผึ้ง', 'พระประแดง', 'สมุทรปราการ', 13.674938, 100.581100, '10:30:00', '18:00:00', 'เสาร์,จันทร์', 0, 4.3, 'คาเฟ่', 'image/PLACE/SPK/P_SPK009.jpeg'),
(20010, 'Ancient City (Muang Boran)', 'เมืองโบราณ', 'แหล่งรวมศิลปวัฒนธรรมไทยจำลองที่เล่าเรื่องราวความงามของไทยในอดีตและปัจจุบันผ่านสถาปัตยกรรมอันทรงคุณค่า', 'บางปูใหม่', 'เมืองสมุทรปราการ', 'สมุทรปราการ', 13.538563, 100.622600, '09:00:00', '18:00:00', NULL, 0, 4.6, 'สถานที่ประวัติศาสตร์', 'image/PLACE/SPK/P_SPK010.jpeg'),
(20011, 'Wat Phichai Songkhram', 'วัดพิชัยสงคราม', 'วัดเก่าแก่ริมแม่น้ำเจ้าพระยา โดดเด่นด้วยพระอุโบสถงดงามและบรรยากาศสงบร่มรื่นเหมาะแก่การทำบุญและพักใจ', 'ปากนำ', 'เมืองสมุทรปราการ', 'สมุทรปราการ', 13.595806, 100.597500, '07:00:00', '20:00:00', NULL, 0, 4.4, 'วัด', 'image/PLACE/SPK/P_SPK011.jpeg'),
(20012, 'Wat Phra Samut Chedi', 'วัดพระสมุทรเจดีย์', 'พระเจดีย์ทรงลังกาอันงดงาม สะท้อนถึงศิลปะและความเชื่อดั้งเดิมในชุมชน พร้อมทิวทัศน์อันงดงามของแม่น้ำ', 'ปากคลองบางปลากด', 'พระสมุทรเจดีย์', 'สมุทรปราการ', 13.599438, 100.584700, '07:00:00', '20:00:00', NULL, 0, 4.5, 'วัด', 'image/PLACE/SPK/P_SPK012.jpeg'),
(20013, 'Phisuea Samut Fortress Museum', 'พิพิธภัณฑ์ป้อมผีเสื้อสมุทร', 'พิพิธภัณฑ์ประวัติศาสตร์สำคัญ เล่าเรื่องการปกป้องชายฝั่งของไทยในอดีตผ่านโบราณวัตถุและสถานที่จริง', 'ปากคลองบางปลากด', 'พระสมุทรเจดีย์', 'สมุทรปราการ', 13.595613, 100.587800, '08:00:00', '19:30:00', NULL, 0, 3.8, 'พิพิธภัณฑ์', 'image/PLACE/SPK/P_SPK013.jpeg'),
(20014, 'Wat Prodket Chettharam Royal Monastery', 'วัดโปรดเกศเชษฐาราม พระอารามหลวง', 'พระอารามหลวงแห่งความงาม สถาปัตยกรรมอันประณีตและภาพจิตรกรรมที่บอกเล่าความเป็นมาทางประวัติศาสตร์', 'ทรงคนอง', 'พระประแดง', 'สมุทรปราการ', 13.667438, 100.528700, '06:00:00', '20:00:00', NULL, 0, 4, 'วัด', 'image/PLACE/SPK/P_SPK014.jpeg'),
(20015, 'Wat Song Tham Worawihan', 'วัดทรงธรรมวรวิหาร', 'วัดประจำชุมชน โดดเด่นด้วยศิลปะโบราณและการตกแต่งที่สื่อถึงวิถีชีวิตและความเชื่อของคนไทยในอดีต', 'ตลาด', 'พระประแดง', 'สมุทรปราการ', 13.661938, 100.535600, '06:00:00', '21:00:00', NULL, 0, 4.1, 'วัด', 'image/PLACE/SPK/P_SPK015.jpeg'),
(20016, 'Wat Phai Chayon Phonsep', 'วัดไพชยนต์พลเสพย์', 'วัดเก่าแก่ในสมุทรปราการ โดดเด่นด้วยพระประธานขนาดใหญ่และสถาปัตยกรรมที่งดงามในบรรยากาศสงบ', 'บางพึ่ง', 'พระประแดง', 'สมุทรปราการ', 13.666264, 100.524900, '06:00:00', '20:00:00', NULL, 0, 4.5, 'วัด', 'image/PLACE/SPK/P_SPK016.jpeg'),
(20017, 'Wat Mongkhon Khothawat', 'วัดมงคลโคธาวาส', 'วัดที่เต็มไปด้วยความศักดิ์สิทธิ์และสถาปัตยกรรมที่สวยงาม เหมาะแก่การทำบุญและพักผ่อนในบรรยากาศร่มรื่น', 'คลองด่าน', 'บางบ่อ', 'สมุทรปราการ', 13.513613, 100.820900, '08:00:00', '16:00:00', NULL, 0, 4.3, 'วัด', 'image/PLACE/SPK/P_SPK017.jpeg'),
(20018, 'Wat Pan Prasittharam', 'วัดปานประสิทธาราม', 'วัดที่ตั้งอยู่ในชุมชนเก่าแก่ ตกแต่งด้วยสถาปัตยกรรมประณีต เหมาะสำหรับผู้ที่ชื่นชอบการศึกษาพระพุทธศาสนา', 'คลองด่าน', 'บางบ่อ', 'สมุทรปราการ', 13.530063, 100.874300, '06:00:00', '19:00:00', NULL, 0, 3.9, 'วัด', 'image/PLACE/SPK/P_SPK018.jpeg'),
(20019, 'Klong Suan 100-Year Market, Samut Prakan', 'ตลาดคลองสวน๑๐๐ปี สมุทรปราการ', 'ตลาดเก่าแก่ริมคลองที่ยังคงรักษาความเป็นพื้นบ้าน มีร้านค้ามากมายที่ขายสินค้าท้องถิ่นและของเก่าหายาก', 'คลองสวน', 'บางบ่อ', 'สมุทรปราการ', 13.662188, 100.953700, '07:00:00', '17:00:00', NULL, 0, 4.5, '', 'image/PLACE/SPK/P_SPK019.jpeg'),
(20020, 'Wat Bang Phli Yai Nai (Luang Pho To)', 'วัดบางพลีใหญ่ใน (หลวงพ่อโต)', 'วัดที่เป็นที่ตั้งของหลวงพ่อโต พระพุทธรูปองค์ใหญ่และศักดิ์สิทธิ์ เป็นสถานที่เคารพของชาวบ้านในพื้นที่', 'บางพลีใหญ่', 'บางพลี', 'สมุทรปราการ', 13.604938, 100.711200, '06:00:00', '17:00:00', NULL, 0, 4.4, 'วัด', 'image/PLACE/SPK/P_SPK020.jpeg'),
(20021, 'Bang Phli Old Market', 'ตลาดโบราณบางพลี', 'ตลาดเก่าแก่ที่ยังคงรักษาบรรยากาศดั้งเดิม ไม่น้อยหน้าด้วยร้านขายของโบราณและของท้องถิ่นที่น่าสนใจ', 'บางพลีใหญ่', 'บางพลี', 'สมุทรปราการ', 13.603334, 100.711000, '08:00:00', '17:00:00', NULL, 0, 4.2, '', 'image/PLACE/SPK/P_SPK021.jpeg'),
(20022, 'Wat Bang Phli Yai Klang', 'วัดบางพลีใหญ่กลาง', 'วัดที่ตั้งอยู่กลางตลาด มีความสำคัญทางประวัติศาสตร์และเป็นศูนย์รวมจิตใจของคนในชุมชน', 'บางพลีใหญ่', 'บางพลี', 'สมุทรปราการ', 13.608188, 100.705100, '06:00:00', '17:00:00', NULL, 0, 4.5, 'วัด', 'image/PLACE/SPK/P_SPK022.jpeg'),
(20023, 'Wat Sriwaree Noi', 'วัดศรีวารีน้อย', 'วัดที่เต็มไปด้วยความสงบและความศักดิ์สิทธิ์ ร่มรื่นด้วยต้นไม้นานาพันธุ์ เหมาะสำหรับการทำบุญและนั่งสมาธิ', 'ศีรษะจรเข้ใหญ่', 'อำเภอบางเสาธง ', 'สมุทรปราการ', 13.669563, 100.798600, '08:00:00', '17:00:00', NULL, 0, 4.3, 'วัด', 'image/PLACE/SPK/P_SPK023.jpeg'),
(20024, 'Sri Nakhon Khuean Khan Park and Botanical Garden', 'สวนสาธารณะและสวนพฤกษชาติ ศรีนครเขื่อนขันธ์', 'สวนสาธารณะและสวนพฤกษชาติที่มีความหลากหลายของพรรณไม้ พร้อมบรรยากาศเย็นสบาย เหมาะแก่การเดินเล่นและศึกษาธรรมชาติ', 'บางกะเจ้า', 'พระประแดง', 'สมุทรปราการ', 13.696813, 100.564900, '05:00:00', '19:00:00', NULL, 0, 4.6, 'สวนสาธารณะ', 'image/PLACE/SPK/P_SPK024.jpeg'),
(20025, 'Lad Pho Health Park', 'สวนสุขภาพลัดโพธิ์', 'สวนสุขภาพที่ให้ความสำคัญกับการดูแลร่างกายและจิตใจ มีพื้นที่สำหรับออกกำลังกายและเดินเล่นในบรรยากาศธรรมชาติ', 'ทรงคนอง', 'พระประแดง', 'สมุทรปราการ', 13.665338, 100.537500, '05:00:00', '19:00:00', NULL, 0, 4, 'สวนสาธารณะ', 'image/PLACE/SPK/P_SPK025.jpeg'),
(20026, 'Taco Lake', 'บึงตะโก้', 'บึงน้ำขนาดใหญ่ที่มีความสวยงาม เป็นแหล่งท่องเที่ยวธรรมชาติที่เหมาะแก่การพักผ่อนท่ามกลางน้ำและวิวสวยๆ', 'บางพลีใหญ่', 'บางพลี', 'สมุทรปราการ', 13.625438, 100.710300, '00:00:00', '22:00:00', NULL, 0, 3.7, 'สวนสาธารณะ', 'image/PLACE/SPK/P_SPK026.jpeg'),
(20027, 'Sky Lane', 'สกายเลน', 'เส้นทางปั่นจักรยานกลางอากาศที่มีวิวทิวทัศน์สวยงาม เหมาะสำหรับผู้ที่ชื่นชอบการออกกำลังกายและการชมทัศนียภาพ', 'หนองปรือ', 'บางพลี', 'สมุทรปราการ', 13.711313, 100.776200, '06:00:00', '21:00:00', NULL, 0, 4.5, 'สวนสาธารณะ', 'image/PLACE/SPK/P_SPK027.jpeg'),
(20028, 'Chor Chang Restaurant and Cafe', 'ช.ช้าง ร้านอาหารและคาเฟ่', 'ร้านอาหารและคาเฟ่ที่เสิร์ฟอาหารอร่อยในบรรยากาศสบายๆ พร้อมบริการที่ยอดเยี่ยม ทำให้การมาทานอาหารเป็นประสบการณ์ที่น่าจดจำ', 'บางปลา', 'บางพลี', 'สมุทรปราการ', 13.600813, 100.745300, '10:00:00', '23:00:00', NULL, 0, 4, 'คาเฟ่', 'image/PLACE/SPK/P_SPK028.jpeg'),
(20029, 'Garden Cafe\' & Restaurant', 'บ้านสวนแสนรัก ', 'ร้านกาแฟและร้านอาหารในสวนที่เต็มไปด้วยความเขียวขจีและบรรยากาศสดชื่น เหมาะสำหรับการพักผ่อนท่ามกลางธรรมชาติ', 'บางเมือง', 'เมืองสมุทรปราการ', 'สมุทรปราการ', 13.610813, 100.619200, '11:00:00', '21:00:00', NULL, 0, 4, 'คาเฟ่', 'image/PLACE/SPK/P_SPK029.jpeg'),
(20030, 'BARN KlongSuan', 'บาร์น คลองสวน', 'ร้านคาเฟ่ในบรรยากาศสบายๆ ท่ามกลางธรรมชาติ พร้อมเมนูอร่อยและการตกแต่งที่อบอุ่น เหมาะสำหรับการพักผ่อน', 'บ้านคลองสวน', 'พระสมุทรเจดีย์ ', 'สมุทรปราการ', 13.566688, 100.483600, '10:00:00', '18:30:00', 'จันทร์,อังคาร,พุธ', 0, 4.1, 'คาเฟ่', 'image/PLACE/SPK/P_SPK030.png'),
(20031, 'My Home Cafe&Bistro', 'มายโฮม คาเฟ่ แอนด์ บิสโทร', 'คาเฟ่และบิสโทรในบรรยากาศบ้านๆ ที่เต็มไปด้วยความอบอุ่น เสิร์ฟอาหารและเครื่องดื่มอร่อยในสถานที่ที่ให้ความรู้สึกเหมือนอยู่บ้าน', 'บ้านคลองสวน', 'พระสมุทรเจดีย์ ', 'สมุทรปราการ', 13.559188, 100.492900, '09:00:00', '22:00:00', 'อังคาร', 0, 4.2, 'คาเฟ่', 'image/PLACE/SPK/P_SPK031.jpeg'),
(20032, 'The Ozone Bangkrajao', 'ดิ โอโซน บางกระเจ้า', 'คาเฟ่และจุดชมวิวที่ตั้งอยู่ในพื้นที่ธรรมชาติของบางกระเจ้า บรรยากาศสดชื่น พร้อมกิจกรรมต่างๆ ที่น่าสนใจสำหรับนักท่องเที่ยว', 'บางน้ำผึ้ง', 'พระประแดง', 'สมุทรปราการ', 13.682063, 100.569100, '09:00:00', '18:00:00', 'จันทร์,อังคาร,พุธ,พฤหัสบดี', 0, 4.2, 'คาเฟ่', 'image/PLACE/SPK/P_SPK032.jpeg'),
(20033, 'Farm Meesuk', 'ฟาร์มมีสุข', 'ฟาร์มท่องเที่ยวที่ให้ความรู้เกี่ยวกับการเกษตรและการเลี้ยงสัตว์ พื้นที่กว้างขวางและเหมาะแก่การเรียนรู้ชีวิตในฟาร์ม', 'บางหัวเสือ', 'พระประแดง', 'สมุทรปราการ', 13.638813, 100.563800, '11:00:00', '23:00:00', 'พุธ', 0, 4.3, 'คาเฟ่', 'image/PLACE/SPK/P_SPK033.jpeg'),
(20034, 'Pob Rak Na Bang Nam Phueng', 'พบรัก ณ บางน้ำผึ้ง', 'สถานที่ท่องเที่ยวที่เหมาะสำหรับคู่รักและครอบครัว ให้คุณได้สัมผัสบรรยากาศอันสงบและธรรมชาติที่สวยงามของบางน้ำผึ้ง', 'บางกอบัว', 'พระประแดง', 'สมุทรปราการ', 13.680063, 100.585100, '08:00:00', '20:00:00', NULL, 0, 4.2, 'คาเฟ่', 'image/PLACE/SPK/P_SPK034.jpeg'),
(30001, 'Koh Kret', 'เกาะเกร็ด', 'เกาะเล็กกลางแม่น้ำเจ้าพระยา เต็มไปด้วยวัฒนธรรมมอญ วิถีชีวิตเรียบง่าย งานหัตถกรรม และอาหารท้องถิ่นที่น่าลิ้มลอง', 'เกาะเกร็ด', 'ปากเกร็ด', 'นนทบุรี', 13.911363, 100.476297, '05:00:00', '21:30:00', NULL, 0, 4.4, '', 'image/PLACE/NIB/P_NIB001.jpeg'),
(30002, 'Princess Mother Srinagarindra Park', 'สวนสมเด็จพระศรีนครินทร์', 'ร้านอาหารในบรรยากาศสบายๆ พร้อมเมนูหลากหลายที่เหมาะสำหรับการมานั่งทานข้าวหรือจิบกาแฟท่ามกลางธรรมชาติ', 'บ้านใหม่', 'ปากเกร็ด', 'นนทบุรี', 13.931188, 100.551188, '04:00:00', '20:00:00', NULL, 0, 4.4, 'สวนสาธารณะ', 'image/PLACE/NIB/P_NIB002.jpeg'),
(30003, 'Chaloem Kanchanaphisek Park', 'อุทยานเฉลิมกาญจนาภิเษก', 'สวนสาธารณะที่มีอุทยานป่าไม้และการเดินป่าที่ให้ความรู้เกี่ยวกับธรรมชาติและการอนุรักษ์สิ่งแวดล้อม', 'บางศรีเมือง', 'เมืองนนทบุรี', 'นนทบุรี', 13.845806, 100.482251, '05:30:00', '19:00:00', NULL, 0, 4.3, 'สวนสาธารณะ', 'image/PLACE/NIB/P_NIB003.jpeg'),
(30004, 'Wat Chon Prathan Rangsarit Royal Monastery', 'วัดชลประทานรังสฤษดิ์ พระอารามหลวง', 'วัดที่เน้นการปฏิบัติธรรมเพื่อความสงบสุข และมีความเป็นมาทางประวัติศาสตร์ จัดกิจกรรมให้คนที่สนใจสามารถฝึกสมาธิและเรียนรู้เกี่ยวกับหลักธรรมะ', 'บางตลาด', 'ปากเกร็ด', 'นนทบุรี', 13.900688, 100.507313, '05:00:00', '21:00:00', NULL, 0, 5, 'วัด', 'image/PLACE/NIB/P_NIB004.jpeg'),
(30005, 'Pang U Bon', 'ปางอุบล', 'สถานที่พักผ่อนกลางธรรมชาติ เหมาะสำหรับผู้ที่ชื่นชอบบรรยากาศป่าเขียวขจี มีพื้นที่ให้ชมวิวและสัมผัสอากาศบริสุทธิ์ในบรรยากาศสบายๆ', 'ท่าไทร', 'เมืองนนทบุรี', 'นนทบุรี', 13.880938, 100.518188, '09:00:00', '15:00:00', 'จันทร์', 0, 4.2, '', 'image/PLACE/NIB/P_NIB005.jpeg'),
(30006, 'Sangkhathan Temple', 'วัดสังฆทาน', 'วัดแห่งการปฏิบัติธรรมที่เน้นการฝึกฝนจิตใจและสงบเงียบ นักท่องเที่ยวสามารถเข้าร่วมทำบุญและกิจกรรมทางศาสนาที่สร้างสรรค์สติปัญญาและสมาธิ', 'บางไผ่', 'เมืองนนทบุรี', 'นนทบุรี', 13.861953, 100.495868, '06:00:00', '18:00:00', NULL, 0, 4.4, 'วัด', 'image/PLACE/NIB/P_NIB006.jpeg'),
(30007, 'Wat Tanod Floating Market', 'ตลาดน้ำวัดโตนด', 'ตลาดน้ำเล็กๆ ที่เน้นวิถีชุมชนและสินค้าท้องถิ่น บรรยากาศเป็นกันเอง เหมาะสำหรับการเดินเล่นและสัมผัสวิถีชีวิตของชาวบ้าน', 'บางกร่าง', 'เมืองนนทบุรี', 'นนทบุรี', 13.848013, 100.466922, '08:00:00', '15:00:00', 'จันทร์,อังคาร,พุธ,พฤหัสบดี,ศุกร์', 0, 4.3, 'ตลาดน้ำ', 'image/PLACE/NIB/P_NIB007.jpeg'),
(30008, 'Hourse \'N Coffee', 'ร้านกาแฟ เฮาส์ เอ็น', 'ร้านกาแฟที่มีบรรยากาศสงบเหมาะสำหรับการนั่งพักผ่อน ทานอาหารและเครื่องดื่ม มีพื้นที่นั่งชิลล์และตกแต่งแบบธรรมชาติ', 'บางคูรัด', 'บางบัวทอง', 'นนทบุรี', 13.912063, 100.345188, '08:00:00', '18:00:00', NULL, 0, 4.2, 'คาเฟ่', 'image/PLACE/NIB/P_NIB008.jpeg'),
(30009, 'Ganicco Farm', 'ฟาร์มกานิคโค่', 'ฟาร์มออร์แกนิกที่เน้นการเกษตรแบบยั่งยืน นักท่องเที่ยวสามารถเรียนรู้เกี่ยวกับการปลูกพืชปลอดสารและสัมผัสบรรยากาศฟาร์มที่อบอุ่น', 'ไทรม้า', 'เมืองนนทบุรี', 'นนทบุรี', 13.882563, 100.470938, '08:30:00', '19:30:00', 'อังคาร', 100, 4.2, 'คาเฟ่', 'image/PLACE/NIB/P_NIB009.jpeg'),
(30010, 'Suan Guu the cafe', 'สวนกู เดอะ คาเฟ่', 'คาเฟ่ในสวนเขียวขจี เหมาะสำหรับการพักผ่อน มีเมนูเครื่องดื่มและขนมหลากหลาย', 'บางกร่าง', 'ปากเกร็ด', 'นนทบุรี', 13.837813, 100.438063, '10:00:00', '19:00:00', 'จันทร์', 0, 4.5, 'คาเฟ่', 'image/PLACE/NIB/P_NIB010.jpeg'),
(30011, 'Baan mee suan cafe', 'บ้านมีสวน คาเฟ่', 'ถานที่ที่รวมบ้านและคาเฟ่ในบรรยากาศสวน มีต้นไม้เขียวขจี เหมาะสำหรับการพักผ่อน พร้อมเมนูเครื่องดื่มและขนมหวานในที่เงียบสงบ', 'บางเลน', 'บางใหญ่', 'นนทบุรี', 13.865438, 100.444563, '10:00:00', '17:00:00', 'พุธ', 0, 4.4, 'คาเฟ่', 'image/PLACE/NIB/P_NIB011.jpeg'),
(30012, 'Museum of Nonthaburi', 'พิพิธภัณฑ์จังหวัดนนทบุรี', 'พิพิธภัณฑ์ที่เก็บรวบรวมประวัติศาสตร์และวัฒนธรรมของจังหวัดนนทบุรีผ่านสิ่งของและเรื่องราวที่น่าสนใจ', 'สวนใหญ่', 'เมืองนนทบุรี', 'นนทบุรี', 13.841563, 100.491813, '10:00:00', '17:00:00', NULL, 0, 4.4, 'พิพิธภัณฑ์', 'image/PLACE/NIB/P_NIB012.jpeg'),
(30013, 'Wat Bang Phai', 'วัดบางไผ่', 'วัดเก่าแก่ที่มีบรรยากาศเงียบสงบ พร้อมพระอุโบสถที่งดงาม เหมาะสำหรับการทำบุญและพักผ่อนจิตใจ', 'บางรักพัฒนา', 'บางบัวทอง', 'นนทบุรี', 13.879188, 100.432438, '08:00:00', '16:30:00', NULL, 0, 4.5, 'วัด', 'image/PLACE/NIB/P_NIB013.jpeg'),
(30014, 'Wat Borom Raja Kanjanapisek Anusorn', 'วัดบรมราชากาญจนาภิเษกอนุสรณ์ ', 'วัดจีนอันยิ่งใหญ่ที่สะท้อนถึงศิลปะจีนในทุกมุมมอง เป็นสถานที่ศักดิ์สิทธิ์และแหล่งเรียนรู้วัฒนธรรมจีน', 'โสนลอย ', 'บางบัวทอง', 'นนทบุรี', 13.913063, 100.421313, '06:30:00', '16:30:00', NULL, 0, 4.6, 'วัด', 'image/PLACE/NIB/P_NIB014.jpeg'),
(30015, 'Wat Bangchak', 'วัดบางจาก', 'วัดริมแม่น้ำเจ้าพระยาที่มีบรรยากาศร่มรื่น โดดเด่นด้วยพระอุโบสถสีทองอร่ามตา', 'ลองพระอุดม', 'ปากเกร็ด', 'นนทบุรี', 13.917313, 100.485438, '08:00:00', '17:00:00', NULL, 0, 4.3, 'วัด', 'image/PLACE/NIB/P_NIB015.jpeg'),
(30016, 'Wat Takien Floating Market', 'ตลาดน้ำวัดตะเคียน', 'ตลาดน้ำเก่าแก่ที่ยังคงรักษาวัฒนธรรมท้องถิ่น มีอาหารอร่อยและสินค้าหัตถกรรมให้เลือกซื้อ', 'บางคูเวียง', 'บางกรวย', 'นนทบุรี', 13.827413, 100.422641, '08:00:00', '17:00:00', NULL, 0, 4.1, 'วัด', 'image/PLACE/NIB/P_NIB016.jpeg'),
(30017, 'Suan Malai Victoria Water Lily Agrotourism', 'สวนมาลัย บัววิคตอเรีย', 'แหล่งท่องเที่ยวเชิงเกษตรที่โดดเด่นด้วยบัววิคตอเรียขนาดใหญ่ พร้อมมุมถ่ายรูปสวยๆ และบรรยากาศธรรมชาติ', 'ระหาร ', 'บางบัวทอง', 'นนทบุรี', 13.938813, 100.430813, '09:00:00', '17:00:00', NULL, 50, 4.2, '', 'image/PLACE/NIB/P_NIB017.jpeg'),
(30018, 'Wat Ku', 'วัดกู้ (พระนางเรือล่ม)', 'วัดประวัติศาสตร์ที่เกี่ยวข้องกับพระนางเจ้าสุนันทา โดดเด่นด้วยความสงบและพระพุทธรูปที่เป็นที่เคารพ', 'บางพูด', 'ปากเกร็ด', 'นนทบุรี', 13.931563, 100.506313, '07:00:00', '17:00:00', NULL, 0, 4.6, 'วัด', 'image/PLACE/NIB/P_NIB018.jpeg'),
(30019, 'Wat Poramai Yikawat', 'วัดปรมัยยิกาวาส เกาะเกร็ด', 'วัดเก่าแก่บนเกาะเกร็ดที่ผสมผสานวัฒนธรรมไทยและมอญ สะดุดตาด้วยเจดีย์เอียงริมแม่น้ำ', 'เกาะเกร็ด', 'ปากเกร็ด', 'นนทบุรี', 13.912688, 100.489938, '06:00:00', '19:00:00', NULL, 0, 4.5, 'วัด', 'image/PLACE/NIB/P_NIB019.jpeg'),
(30020, 'Wat Rat Prakhong Tham', 'วัดราษฎร์ประคองธรรม', 'วัดที่มีบรรยากาศร่มรื่น สงบเงียบ เหมาะสำหรับการปฏิบัติธรรมและพักผ่อนจิตใจ', 'เสาธงหิน', 'บางใหญ่', 'นนทบุรี', 13.854438, 100.423313, '08:00:00', '18:00:00', NULL, 0, 4.2, 'วัด', 'image/PLACE/NIB/P_NIB020.jpeg'),
(30021, 'Wat Daeng Thammachat', 'วัดแดงธรรมชาติ ', 'วัดริมแม่น้ำที่มีธรรมชาติสวยงาม สะท้อนถึงวิถีชีวิตไทยดั้งเดิมในพื้นที่ชนบท', 'ไทรม้า', 'เมืองนนทบุรี', 'นนทบุรี', 13.886563, 100.482188, '07:00:00', '18:00:00', NULL, 0, 4.6, 'วัด', 'image/PLACE/NIB/P_NIB021.jpeg'),
(30022, 'Wat Choeng Tha', 'พุทธสถานเชิงท่า-หน้าโบสถ์ ', 'พุทธสถานที่เงียบสงบ มีพระอุโบสถอันงดงามและบรรยากาศที่เหมาะสำหรับการทำบุญ', 'ท่าทราย', 'เมืองนนทบุรี', 'นนทบุรี', 13.893988, 100.491953, '06:00:00', '18:00:00', NULL, 0, 4.6, 'วัด', 'image/PLACE/NIB/P_NIB022.jpeg'),
(30023, 'Wat Chalo', 'วัดชลอ', 'วัดที่ตั้งอยู่ริมคลอง โดดเด่นด้วยสถาปัตยกรรมและบรรยากาศที่เชื่อมโยงวิถีชีวิตริมน้ำ', 'วัดชลอ', 'บางกรวย', 'นนทบุรี', 13.806188, 100.476438, '10:00:00', '16:00:00', NULL, 0, 4.4, 'วัด', 'image/PLACE/NIB/P_NIB023.jpeg'),
(30024, 'Wat Chomphuwek', 'วัดชมภูเวก', 'วัดโบราณที่เก็บรักษาศิลปะและวัฒนธรรมไทยไว้เป็นอย่างดี เหมาะสำหรับการเยี่ยมชมและศึกษา', 'ท่าทราย', 'เมืองนนทบุรี', 'นนทบุรี', 13.884125, 100.494290, '06:00:00', '18:00:00', NULL, 0, 4.7, 'วัด', 'image/PLACE/NIB/P_NIB024.jpeg'),
(30025, 'Bang Khu Lat Floating Market', 'ตลาดน้ำบางคูลัด', 'ตลาดน้ำที่คงวิถีชีวิตพื้นบ้าน อบอุ่นด้วยสินค้าท้องถิ่นและอาหารพื้นบ้านในบรรยากาศริมน้ำ', 'บางใหญ่', 'บางใหญ่', 'นนทบุรี', 13.841438, 100.363813, '10:00:00', '20:00:00', 'จันทร์,อังคาร,พุธ,พฤหัสบดี,ศุกร์', 0, 3.5, 'ตลาดน้ำ', 'image/PLACE/NIB/P_NIB025.jpeg'),
(30026, 'Suan Bua Floating Market', 'ตลาดน้ําประชารัฐสวนบัว', 'ตลาดน้ำชุมชนที่นำเสนอสินค้าเกษตรและอาหารพื้นบ้าน พร้อมบรรยากาศธรรมชาติที่สดชื่น', 'บางเลน', 'บางใหญ่', 'นนทบุรี', 13.866688, 100.447063, '09:00:00', '16:00:00', NULL, 0, 4.7, 'ตลาดน้ำ', 'image/PLACE/NIB/P_NIB026.jpeg'),
(30027, 'Thammachadocha', ' ธรรมชาติโอชา', 'ร้านอาหารที่ผสานความอร่อยเข้ากับธรรมชาติ สบายตาด้วยวิวเขียวขจีและเมนูรสเลิศ', 'ศาลากลาง', 'บางกรวย', 'นนทบุรี', 13.805813, 100.394813, '10:00:00', '22:00:00', NULL, 0, 4, 'ร้านอาหาร', 'image/PLACE/NIB/P_NIB027.jpeg'),
(30028, 'Ko Baen Boat Noodles, Bang Krang', 'เตี๋ยวเรือโกแบ๋น บางกร่าง ', 'ร้านก๋วยเตี๋ยวเรือสูตรเข้มข้นในบรรยากาศริมคลอง ให้คุณสัมผัสรสชาติอาหารไทยแท้', 'บางกร่าง', 'เมืองนนทบุรี', 'นนทบุรี', 13.834438, 100.463688, '08:00:00', '17:00:00', NULL, 0, 4.2, 'ร้านอาหาร', 'image/PLACE/NIB/P_NIB028.jpeg'),
(30029, 'Mong Cool Du Khlong', 'มองCoolดูคลอง', 'ร้านก๋วยเตี๋ยวเรือสูตรเข้มข้นในบรรยากาศริมคลอง ให้คุณสัมผัสรสชาติอาหารไทยแท้', 'มหาสวัสดิ์', 'บางกรวย', 'นนทบุรี', 13.813688, 100.421813, '09:00:00', '20:00:00', 'พุธ', 0, 4.3, 'ร้านอาหาร', 'image/PLACE/NIB/P_NIB029.jpeg'),
(30030, 'Bua Thong Farm Restaurant', 'ร้านบัวทองฟาร์ม', 'ร้านอาหารเชิงเกษตรที่มีบรรยากาศร่มรื่น เสิร์ฟอาหารหลากหลายจากวัตถุดิบสดใหม่ในท้องถิ่น', 'เสาธงหิน', 'บางใหญ่', 'นนทบุรี', 13.895313, 100.387063, '11:00:00', '21:00:00', 'พุธ', 0, 4.2, 'ร้านอาหาร', 'image/PLACE/NIB/P_NIB030.jpeg'),
(30031, 'Boonta Flowers and Café', 'บุญตา ดอกไม้และคาเฟ่', 'คาเฟ่ที่เต็มไปด้วยดอกไม้และบรรยากาศอบอุ่น เสิร์ฟเมนูเครื่องดื่มและขนมที่น่าลิ้มลอง', 'วัดชลอ', 'บางกรวย', 'นนทบุรี', 13.810438, 100.471563, '11:00:00', '17:00:00', 'จันทร์', 0, 4.3, 'คาเฟ่', 'image/PLACE/NIB/P_NIB031.jpeg'),
(30032, 'Petit Cottage Café', 'พีทีท คอตเทจ คาเฟ่', 'คาเฟ่สไตล์คอตเทจที่ตกแต่งอย่างน่ารัก เสิร์ฟอาหารและขนมในบรรยากาศเหมือนอยู่ในนิทาน', 'บางบำหรุ ', 'บางกรวย', 'นนทบุรี', 13.797063, 100.490063, '11:00:00', '19:00:00', 'จันทร์', 0, 4.2, 'คาเฟ่', 'image/PLACE/NIB/P_NIB032.jpeg'),
(30033, 'White House in the Garden', 'ไวท์เฮาส์ อิน การ์เด้น', 'คาเฟ่บรรยากาศสวนที่เงียบสงบ โดดเด่นด้วยการตกแต่งเรียบง่ายและเมนูหลากหลาย', 'ศาลากลาง', 'บางกรวย', 'นนทบุรี', 13.804688, 100.389313, '21:00:00', '17:00:00', 'จันทร์', 0, 4.8, 'คาเฟ่', 'image/PLACE/NIB/P_NIB033.jpeg'),
(30034, 'Plantnery Green Cafe', 'แพลนท์เนอรี กรีน คาเฟ่ คาเฟ่ร่มรื่นสไตล์สวนป่า', 'คาเฟ่สีเขียวสไตล์สวนป่าที่ให้ความรู้สึกสดชื่น เหมาะสำหรับการพักผ่อนพร้อมเครื่องดื่มคุณภาพ', 'บ้านใหม่', 'ปากเกร็ด', 'นนทบุรี', 13.907313, 100.556938, '08:00:00', '20:00:00', NULL, 0, 4.7, 'คาเฟ่', 'image/PLACE/NIB/P_NIB034.jpeg'),
(30035, 'Ban Ta Ka Yai Cafe', 'บ้านตากะยาย คาเฟ่', 'คาเฟ่ที่มีบรรยากาศอบอุ่นเหมือนอยู่บ้าน ตกแต่งด้วยความเรียบง่ายและให้ความรู้สึกเป็นกันเอง', 'ลำโพ', 'บัวทอง', 'นนทบุรี', 13.960188, 100.436438, '21:00:00', '17:00:00', 'จันทร์', 0, 4.6, 'คาเฟ่', 'image/PLACE/NIB/P_NIB035.jpeg'),
(30036, 'paisuan slowbarcafe', 'ร้านกาแฟไปสวน', 'คาเฟ่สโลว์บาร์ที่ผสานบรรยากาศสวนร่มรื่นกับกาแฟคุณภาพ ให้ความรู้สึกสงบและผ่อนคลาย', 'บางกร่าง ', 'เมืองนนทบุรี', 'นนทบุรี', 13.831688, 100.461188, '09:30:00', '16:30:00', 'จันทร์', 0, 4.8, 'คาเฟ่', 'image/PLACE/NIB/P_NIB036.jpeg'),
(30037, 'Foreste cafe by anna nava', 'ฟอเรส คาเฟ่', 'คาเฟ่ท่ามกลางธรรมชาติที่ตกแต่งอย่างอบอุ่น เสิร์ฟอาหารและเครื่องดื่มในบรรยากาศที่สดชื่น', 'บางพูด', 'ปากเกร็ด', 'นนทบุรี', 13.913938, 100.520188, '07:00:00', '20:00:00', NULL, 0, 4.5, 'คาเฟ่', 'image/PLACE/NIB/P_NIB037.jpeg'),
(30038, 'Baan Suan Pun Suk Coffee', 'กาแฟบ้านสวนปันสุข', 'คาเฟ่บ้านสวนที่เต็มไปด้วยความเขียวขจี เหมาะสำหรับการพักผ่อนพร้อมจิบกาแฟรสเลิศ', 'คลองพระอุดม', 'ปากเกร็ด', 'นนทบุรี', 13.928438, 100.474438, '06:00:00', '17:00:00', NULL, 0, 4.6, 'คาเฟ่', 'image/PLACE/NIB/P_NIB037.jpeg'),
(40001, 'Phutthamonthon', 'พุทธมณฑล', 'สวนพุทธธรรมขนาดใหญ่ที่มีพระพุทธรูปปางลีลาและสถานที่สำหรับปฏิบัติธรรมกลางแจ้ง', 'ศาลายา', 'พุทธมณฑล', 'นครปฐม', 13.776813, 100.321063, '06:00:00', '18:00:00', NULL, 0, 4.7, '', 'image/PLACE/NPT/P_NPT001.jpeg'),
(40002, 'Don Wai Floating Market', 'ตลาดน้ำดอนหวาย', 'ตลาดน้ำที่เก่าแก่มีอาหารท้องถิ่นและขนมไทยหลากหลาย พร้อมบรรยากาศริมน้ำ', 'บางกระทึก', 'สามพราน', 'นครปฐม', 13.770438, 100.283813, '08:00:00', '17:00:00', NULL, 0, 4.3, 'ตลาดน้ำ', 'image/PLACE/NPT/P_NPT002.jpeg'),
(40003, 'Pathom Organic Village', 'ปฐม ออร์แกนิก วิลเลจ', 'หมู่บ้านเชิงเกษตรอินทรีย์ที่ส่งเสริมการท่องเที่ยวเชิงเรียนรู้และการทำเกษตรแบบยั่งยืน', 'ยายชา', 'สามพราน', 'นครปฐม', 13.734938, 100.242313, '09:00:00', '16:00:00', 'จันทร์,อังคาร,พุธ,พฤหัสบดี,ศุกร์', 0, 4.6, 'ฟาร์ม', 'image/PLACE/NPT/P_NPT003.jpeg'),
(40004, 'Community Herbal Park', 'อุทยานธรรมชาติวิทยาสิรีรุกขชาติ', 'อุทยานสมุนไพรที่จัดแสดงพืชสมุนไพรนานาชนิด เพื่อการศึกษาและเรียนรู้ด้านธรรมชาติบำบัด', 'ศาลายา', 'พุทธมณฑล', 'นครปฐม', 13.791438, 100.320063, '06:00:00', '18:00:00', NULL, 50, 4.5, '', 'image/PLACE/NPT/P_NPT004.jpeg'),
(40005, 'Organic Floating Market', 'ตลาดสุขใจ', 'ตลาดนัดสินค้าออร์แกนิกที่เน้นผลิตภัณฑ์จากท้องถิ่น มีสินค้าเกษตรปลอดสารพิษและอาหารเพื่อสุขภาพ', 'ยายชา', 'สามพราน', 'นครปฐม', 13.791438, 100.320063, '08:00:00', '15:00:00', NULL, 0, 4.6, '', 'image/PLACE/NPT/P_NPT005.jpeg'),
(40006, 'Woodland City of Wood', 'วู้ดแลนด์เมืองไม้', 'พิพิธภัณฑ์เมืองไม้ที่จัดแสดงงานศิลปะจากไม้และของสะสมหายาก', 'ดอนแฝก', 'นครชัยศรี', 'นครปฐม', 13.858188, 100.217188, '10:00:00', '18:00:00', NULL, 0, 4.6, 'พิพิธภัณฑ์', 'image/PLACE/NPT/P_NPT006.jpeg'),
(40007, 'Red Lotus Floating Market', 'ตลาดน้ำทุ่งบัวแดง', 'ตลาดน้ำที่มีทุ่งบัวแดงสวยงาม ดอกบัวบานสะพรั่งในบึงกว้าง เหมาะสำหรับถ่ายภาพ', 'บางเลน', 'บางเลน', 'นครปฐม', 14.013188, 100.157813, '08:00:00', '17:00:00', NULL, 0, 4, 'ตลาดน้ำ', 'image/PLACE/NPT/P_NPT007.jpeg'),
(40008, 'Wat Lam Phaya Floating Market', 'ตลาดน้ำวัดลำพญา', 'พระราชวังเก่าแก่สมัยรัชกาลที่ 6 ที่มีสถาปัตยกรรมสวยงาม และสวนร่มรื่นรอบบริเวณ', 'ลำพญา', 'บางเลน', 'นครปฐม', 13.958438, 100.203313, '08:00:00', '17:00:00', NULL, 0, 4.3, 'ตลาดน้ำ', 'image/PLACE/NPT/P_NPT008.jpeg'),
(40009, 'Wat Bang Phra', 'วัดบางพระ', 'วัดที่มีความสำคัญด้านศิลปะการสักยันต์ (สักยันต์) และตั้งอยู่ในพื้นที่ธรรมชาติที่สงบ ร่มรื่น', 'วัดละมุด', 'นครชัยศรี', 'นครปฐม', 13.898438, 100.211484, '08:00:00', '16:00:00', NULL, 0, 4.7, 'วัด', 'image/PLACE/NPT/P_NPT009.jpeg'),
(40010, 'Ban Hua Ao Organic Farming Learning Center', 'ศูนย์การเรียนรู้เกษตรอินทรีย์บ้านหัวอ่าว', 'ศูนย์การเรียนรู้การทำเกษตรอินทรีย์ ช่วยให้ผู้เยี่ยมชมเข้าใจวิถีเกษตรแบบยั่งยืนและการดูแลสิ่งแวดล้อม', 'บางช้าง', 'สามพราน', 'นครปฐม', 13.702688, 100.198563, '08:00:00', '17:00:00', NULL, 0, 4.4, 'แหล่งเรียนรู้', 'image/PLACE/NPT/P_NPT010.jpeg'),
(40011, 'Ban Sala Din', 'บ้านศาลาดิน', 'หมู่บ้านที่ยังคงเสน่ห์วิถีชีวิตชุมชนริมน้ำ ชาวบ้านอาศัยทำอาชีพเกษตรกรรมและหัตถกรรมพื้นบ้าน', 'มหาสวัสดิ์', 'พุทธมณฑล', 'นครปฐม', 13.808690, 100.254434, '08:00:00', '17:00:00', NULL, 0, 4.2, 'แหล่งเรียนรู้', 'image/PLACE/NPT/P_NPT011.jpeg'),
(40012, 'Phra Pathom Chedi', 'พระปฐมเจดีย์', 'เจดีย์เก่าแก่และสูงที่สุดในไทย มีความสำคัญทางประวัติศาสตร์และเป็นสัญลักษณ์ของนครปฐม', 'พระปฐมเจย์ดีย์', 'เมืองนครปฐม', 'นครปฐม', 13.819688, 100.060063, '07:00:00', '17:00:00', NULL, 0, 4.6, 'วัด', 'image/PLACE/NPT/P_NPT012.jpeg'),
(40013, 'Wat Nong Phong Nok', 'วัดหนองพงนก', 'วัดสงบเงียบกลางธรรมชาติ มีพระอุโบสถที่สวยงามและสวนทิวลิปน้ำที่น่าประทับใจ', 'สระพัฒนา', 'กำแพงแสน', 'นครปฐม', 14.094181, 100.019186, '08:00:00', '17:00:00', NULL, 0, 4.7, 'วัด', 'image/PLACE/NPT/P_NPT013.jpeg'),
(40014, 'Wat Si Yaek Charoen Phon Sunflower Field', 'วัดสี่แยกเจริญพร ทุ่งทานตะวัน', 'วัดพร้อมทุ่งดอกทานตะวันบานสะพรั่ง ดึงดูดนักท่องเที่ยวให้มาถ่ายภาพและชมความงามตามธรรมชาติ', 'หนองกระทุ่ม', 'กำแพงแสน', 'นครปฐม', 14.029863, 99.853516, '07:00:00', '18:00:00', NULL, 0, 4.5, 'วัด', 'image/PLACE/NPT/P_NPT014.jpeg'),
(40015, 'Air Orchids Supermarket', 'ซูเปอร์มาร์เก็ต กล้วยไม้ แอร์ ออร์คิดส์', 'ศูนย์รวมพันธุ์กล้วยไม้สวยงาม มีจำหน่ายทั้งไม้ดอกและไม้ประดับในบรรยากาศซูเปอร์มาร์เก็ต', 'นราภิรมย์ ', 'บางเลน', 'นครปฐม', 13.919688, 100.261813, '07:00:00', '17:00:00', NULL, 0, 4.7, '', 'image/PLACE/NPT/P_NPT015.jpeg'),
(40016, 'Wat Sisa Thong', 'วัดศีรษะทอง', 'วัดที่มีศิลปะงดงามและประดิษฐานพระราหู ซึ่งมีผู้คนนิยมมาสักการะเพื่อขอพรด้านสุขภาพและโชคลาภ', 'ศรีษะทอง', 'นครชัยศรี', 'นครปฐม', 13.809188, 100.160688, '07:00:00', '17:00:00', NULL, 0, 4.6, 'วัด', 'image/PLACE/NPT/P_NPT016.jpeg'),
(40017, 'Wat Klang Bang Phra', 'วัดกลางบางพระ', 'วัดที่มีชื่อเสียงเรื่องการสักยันต์ มีประวัติศาสตร์ยาวนานและมีพระสงฆ์ผู้เชี่ยวชาญด้านยันต์ศักดิ์สิทธิ์', 'บางพระ', 'นครชัยศรี', 'นครปฐม', 13.892438, 100.200422, '07:00:00', '18:00:00', NULL, 0, 4.6, 'วัด', 'image/PLACE/NPT/P_NPT017.jpeg'),
(40018, 'Wat Sam Phran', 'วัดสามพราน', 'วัดที่มีเจดีย์สีชมพูขนาดใหญ่ และมีมังกรพันรอบเจดีย์ที่โดดเด่นไม่เหมือนใคร', 'สามพราน', 'สามพราน', 'นครปฐม', 13.735813, 100.215313, '08:00:00', '16:00:00', NULL, 0, 4.4, 'วัด', 'image/PLACE/NPT/P_NPT018.jpeg'),
(40019, 'Tha Na Market', 'ตลาดท่านา', 'ตลาดท้องถิ่นที่มีสินค้าเกษตรสดใหม่ อาหารพื้นบ้าน และของฝากในบรรยากาศชุมชนไทย', 'นครชัยศรี', 'นครชัยศรี', 'นครปฐม', 13.801763, 100.186953, '09:00:00', '17:00:00', NULL, 0, 4.4, '', 'image/PLACE/NPT/P_NPT019.jpeg'),
(40020, 'Little Tree Garden', 'ลิตเติ้ลทรี คาเฟ่', 'าเฟ่ในสวนร่มรื่น พร้อมต้นไม้เขียวขจี เหมาะสำหรับการพักผ่อน มีเมนูเครื่องดื่มและขนมหวานหลากหลาย', 'บางใหม่', 'สามพราน', 'นครปฐม', 13.687063, 100.251813, '10:00:00', '18:00:00', 'พุธ', 0, 4.3, 'คาเฟ่', 'image/PLACE/NPT/P_NPT020.jpeg'),
(40021, 'Sam Phran Elephant Ground and Zoo', 'ลานแสดงช้าง และ ฟาร์มจระเข้สามพราน', 'สถานที่แสดงช้างและฟาร์มจระเข้ที่มีกิจกรรมหลากหลาย เหมาะสำหรับครอบครัวและการเรียนรู้เกี่ยวกับสัตว์', 'ท่าข้าม', 'สามพราน', 'นครปฐม', 13.721438, 100.255813, '08:00:00', '17:00:00', NULL, 550, 4.1, 'สวนสัตว์', 'image/PLACE/NPT/P_NPT021.jpeg'),
(40022, 'Wat Phra Prathon Chedi Worawihan', 'วัดพระประโทณเจดีย์', 'วัดเก่าแก่ที่มีเจดีย์ขนาดใหญ่และประวัติศาสตร์ยาวนาน เป็นจุดเด่นของจังหวัด', 'พระปฐมเจดีย์', 'เมืองนครปฐม', 'นครปฐม', 13.814938, 100.096938, '14:00:00', '21:00:00', NULL, 0, 4.6, 'วัด', 'image/PLACE/NPT/P_NPT022.jpeg'),
(40023, 'Wat Rai Khing', 'วัดไร่ขิง พระอารามหลวง', 'วัดริมแม่น้ำที่ร่มรื่นและงดงาม เหมาะสำหรับการทำบุญและชมวิวธรรมชาติ', 'ไร่ขิง', 'สามพราน', 'นครปฐม', 13.743063, 100.258438, '08:00:00', '17:00:00', NULL, 0, 4.7, 'วัด', 'image/PLACE/NPT/P_NPT023.jpeg'),
(40024, 'Preda Garden Home', 'สวนปรีดา', 'สวนเกษตรและบ้านสวนที่เงียบสงบ ให้บรรยากาศผ่อนคลายท่ามกลางธรรมชาติ', 'บางเตย', 'สามพราน', 'นครปฐม', 13.785688, 100.282938, '10:00:00', '23:00:00', NULL, 0, 4.6, '', 'image/PLACE/NPT/P_NPT024.jpeg'),
(40025, 'Sam Phran Peacock Park', 'สวนนกยูง', 'สวนที่รวมนกยูงหลากสายพันธุ์ในบรรยากาศธรรมชาติ เหมาะสำหรับการพักผ่อนและชมความงามของนกยูง', 'อ้อมใหญ่', 'สามพราน', 'นครปฐม', 13.694813, 100.236563, '08:00:00', '17:30:00', NULL, 80, 3.9, '', 'image/PLACE/NPT/P_NPT025.jpeg'),
(40026, 'Wat Maisupradittharam', 'วัดใหม่สุปดิษฐาราม', 'วัดที่มีบรรยากาศร่มรื่นและสงบ พร้อมศิลปะสถาปัตยกรรมที่เรียบง่ายและงดงาม', 'นครชัยศรี', 'นครชัยศรี', 'นครปฐม', 13.793813, 100.194313, '06:30:00', '18:00:00', NULL, 0, 4.6, 'วัด', 'image/PLACE/NPT/P_NPT026.jpeg'),
(40027, 'Wat Pa Pathom Chai', 'วัดป่าปฐมชัย', 'วัดที่ตั้งอยู่ในพื้นที่ป่า ให้ความเงียบสงบและเหมาะสำหรับการปฏิบัติธรรม', 'หนองปากโลง', 'เมืองนครปฐม', 'นครปฐม', 13.833988, 100.003047, '07:00:00', '18:00:00', NULL, 0, 4.3, 'วัด', 'image/PLACE/NPT/P_NPT027.jpeg'),
(40028, 'Rattiya City', 'เมืองรัตติยา', 'แหล่งท่องเที่ยวเชิงวัฒนธรรมที่จำลองเมืองเก่า พร้อมกิจกรรมและร้านค้าต่างๆ ให้สัมผัสวิถีชีวิตดั้งเดิม', 'คลองนกกระทุง', 'บางเลน', 'นครปฐม', 13.974313, 100.202938, '08:00:00', '17:00:00', NULL, 0, 3.8, 'สถานที่ธรรมชาติ', 'image/PLACE/NPT/P_NPT028.jpeg'),
(40029, 'Bang Luang Market', 'ตลาดบางหลวงร.ศ.122', 'ตลาดเก่าแก่ที่ยังคงรักษากลิ่นอายวิถีชีวิตไทยโบราณ มีอาหารพื้นบ้านและสินค้าท้องถิ่นมากมาย', 'บางหลวง', 'บางเลน', 'นครปฐม', 14.118063, 100.118188, '09:00:00', '17:00:00', NULL, 0, 4.1, '', 'image/PLACE/NPT/P_NPT029.jpeg'),
(40030, 'Niagara N Garden', 'ไนแองการ่า เอ็น การ์เดน', 'คาเฟ่ที่มีน้ำตกจำลองท่ามกลางสวนธรรมชาติ ให้บรรยากาศสดชื่นและผ่อนคลาย', 'วังตะกู', 'เมืองนครปฐม', 'นครปฐม', 13.846938, 100.018813, '10:00:00', '20:00:00', NULL, 0, 4.4, 'คาเฟ่', 'image/PLACE/NPT/P_NPT030.jpeg'),
(40031, 'Manpai Sainam Café&Restaurant', 'ร้านอาหาร ม่านไผ่ สายน้ำ', 'ร้านอาหารริมลำธารที่ล้อมรอบด้วยต้นไผ่ ให้ความสงบพร้อมเสิร์ฟอาหารอร่อย', 'บางเตย', 'บางเลน', 'นครปฐม', 13.791188, 100.303313, '10:00:00', '22:00:00', NULL, 0, 4.2, 'คาเฟ่', 'image/PLACE/NPT/P_NPT031.jpeg'),
(40032, ' Bubble in the forest', 'บับเบิ้ลอินเดอะฟอเรสต์ คาเฟ่', 'คาเฟ่ในสวนป่าที่โดดเด่นด้วยโดมใสกลางธรรมชาติ เหมาะสำหรับการพักผ่อนและถ่ายภาพ', 'บางเตย', 'สามพราน', 'นครปฐม', 13.788938, 100.305813, '10:00:00', '21:00:00', NULL, 0, 4, 'คาเฟ่', 'image/PLACE/NPT/P_NPT032.jpeg'),
(40033, 'April flavors cafe', 'คาเฟ่สวนส้ม', 'คาเฟ่ในสวนส้มที่เต็มไปด้วยผลไม้สดและเครื่องดื่มหลากหลาย ท่ามกลางบรรยากาศอบอุ่น', 'คลองใหม่', 'นครชัยศรี', 'นครปฐม', 13.744813, 100.181063, '10:00:00', '18:00:00', 'จันทร์', 0, 4.5, 'คาเฟ่', 'image/PLACE/NPT/P_NPT033.jpeg'),
(40034, 'SummerBloom Cafe', 'ซัมเมอร์ บลูม คาเฟ่', 'คาเฟ่ที่ผสานความสดใสของดอกไม้กับเมนูหลากหลาย เหมาะสำหรับการพักผ่อนในวันสบายๆ', 'โพรงมะเดื่อ', 'เมืองนครปฐม', 'นครปฐม', 13.869938, 99.957063, '09:00:00', '17:00:00', 'อังคาร', 0, 4.1, 'คาเฟ่', 'image/PLACE/NPT/P_NPT034.jpeg'),
(40035, 'KAWA Coffee and Co.', 'ร้านกาแฟกาว่า', 'คาเฟ่ที่มีกาแฟคุณภาพและบรรยากาศโมเดิร์น เหมาะสำหรับการนั่งทำงานหรือพักผ่อน', 'ทรงคะนอง', 'สามพราน', 'นครปฐม', 13.779530, 100.270140, '09:00:00', '18:00:00', NULL, 0, 4.7, 'คาเฟ่', 'image/PLACE/NPT/P_NPT035.jpeg'),
(40036, 'Hangar Cafe\'', 'แฮงก้าคาเฟ่', 'คาเฟ่สไตล์โรงเก็บเครื่องบินที่ตกแต่งอย่างเก๋ไก๋ พร้อมเมนูหลากหลายให้เลือก', 'หนองปากโลง', 'เมืองนครปฐม', 'นครปฐม', 13.833438, 100.025938, '10:00:00', '19:30:00', NULL, 0, 4.2, 'คาเฟ่', 'image/PLACE/NPT/P_NPT036.jpeg'),
(40037, 'Me Waew', 'มีแวว คาเฟ่แอนด์บิสโตร', 'คาเฟ่ที่ผสมผสานความเรียบง่ายและความอบอุ่น เสิร์ฟทั้งอาหารและเครื่องดื่มในบรรยากาศสบายๆ', 'คลองใหม่', 'สามพราน', 'นครปฐม', 13.732063, 100.158313, '09:00:00', '18:00:00', 'จันทร์', 0, 4.6, 'คาเฟ่', 'image/PLACE/NPT/P_NPT037.jpeg'),
(40038, 'Lemon Me Farm', 'ลมอนมีฟาร์ม', 'ฟาร์มและคาเฟ่ที่สดชื่นด้วยสวนเลมอน มีเครื่องดื่มและขนมที่ใช่วัตถุดิบสดใหม่', 'คลองโยง', 'พุทธมณฑล', 'นครปฐม', 13.885563, 100.286063, '09:00:00', '18:30:00', NULL, 0, 4.4, 'คาเฟ่', 'image/PLACE/NPT/P_NPT038.jpeg'),
(40039, 'Mongnum Café', 'มองน้ำ คาเฟ่', 'คาเฟ่ริมน้ำที่เต็มไปด้วยบรรยากาศสงบและร่มรื่น เหมาะสำหรับการพักผ่อนและชมวิว', 'สัมปทวน', 'นครชัยศรี', 'นครปฐม', 13.815688, 100.189188, '11:00:00', '20:00:00', 'พุธ', 0, 4.4, 'คาเฟ่', 'image/PLACE/NPT/P_NPT039.jpeg'),
(40040, 'O2 Kaffee & Bistro', 'โอทู คอฟฟี่ แอนด์ บริสโต', 'คาเฟ่ที่ล้อมรอบด้วยธรรมชาติ เสิร์ฟอาหารและเครื่องดื่มหลากหลายในบรรยากาศร่มรื่น', 'ไร่ขิง', 'สามพราน', 'นครปฐม', 13.727938, 100.265938, '10:00:00', '19:00:00', 'อังคาร', 0, 4.4, 'คาเฟ่', 'image/PLACE/NPT/P_NPT040.jpeg'),
(40041, 'Home_no.eight', 'บ้านเลขที่ 8 ', 'คาเฟ่ในบ้านเก่าแสนอบอุ่น มีเสน่ห์เฉพาะตัว เหมาะสำหรับการพักผ่อนแบบสบายๆ', ' งิ้วราย ', 'นครชัยศรี', 'นครปฐม', 13.816938, 100.193938, '09:00:00', '16:00:00', NULL, 0, 4.6, 'คาเฟ่', 'image/PLACE/NPT/P_NPT041.jpeg'),
(40042, 'Greenchef', 'กรีมเชฟ', 'คาเฟ่ที่เน้นเมนูสุขภาพ พร้อมวัตถุดิบสดใหม่และบรรยากาศผ่อนคลาย', 'สระพัฒนา', 'กำแพงแสน', 'นครปฐม', 14.094181, 100.019186, '10:00:00', '21:30:00', NULL, 0, 4.2, 'คาเฟ่', 'image/PLACE/NPT/P_NPT042.jpeg'),
(40043, 'whispering cafe', 'วิ สึ เป่อ หริ่ง คาเฟ', 'คาเฟ่ริมน้ำที่เงียบสงบ รายล้อมด้วยธรรมชาติ เหมาะสำหรับการพักผ่อนและจิบกาแฟ', 'อ้อมใหญ่', 'สามพราน ', 'นครปฐม', 13.690688, 100.250688, '09:00:00', '09:00:00', 'จันทร์, อังคาร,พุธ,พฤหัสบดี', 0, 4.3, 'คาเฟ่', 'image/PLACE/NPT/P_NPT043.jpeg'),
(40044, 'STARTcafe', 'สตาร์ท คาเฟ่', 'คาเฟ่ทันสมัยที่ตอบโจทย์การเริ่มต้นวันใหม่ ด้วยเมนูหลากหลายและบรรยากาศสบายๆ', 'ตาก้อง', 'เมืองนครปฐม', 'นครปฐม', 13.906313, 100.056203, '09:00:00', '18:00:00', 'จันทร์', 0, 4.6, 'คาเฟ่', 'image/PLACE/NPT/P_NPT044.jpeg'),
(40045, 'Jutsonrayn.Cafe', 'จุดซ่อนเร้นคาเฟ่', 'คาเฟ่เล็กๆ ที่ซ่อนตัวในมุมสงบ เสิร์ฟเครื่องดื่มและขนมในบรรยากาศอบอุ่น', 'ไร่ขิง', 'สามพราน', 'นครปฐม', 13.758063, 100.283313, '09:00:00', '18:00:00', NULL, 0, 4.6, 'คาเฟ่', 'image/PLACE/NPT/P_NPT045.jpeg'),
(40046, 'Cafe saturday', 'เสาร์ คาเฟ่', 'คาเฟ่ที่เหมาะสำหรับวันพักผ่อน เสิร์ฟอาหารและเครื่องดื่มในบรรยากาศสบายๆ และเป็นกันเอง', 'ไร่ขิง', 'สามพราน', 'นครปฐม', 13.742813, 100.265563, '10:00:00', '20:30:00', 'พุธ', 0, 4.4, 'คาเฟ่', 'image/PLACE/NPT/P_NPT046.jpeg'),
(50001, 'Dongtan Sam Khok', 'ดงตาลสามโคก', 'พื้นที่สีเขียวร่มรื่นด้วยต้นตาลใหญ่ เหมาะสำหรับการพักผ่อนและสัมผัสธรรมชาติ', 'บางโพธิ์เหนือ', 'สามโคก', 'ปทุมธานี', 14.034313, 100.528016, '00:01:00', '23:59:00', NULL, 0, 4.3, 'สถานที่ธรรมชาติ', 'image/PLACE/PTE/P_PTE001.jpeg'),
(50002, 'Wat Chedi Hoi', 'วัดเจดีย์หอย', 'วัดที่มีเจดีย์หอยโบราณ โดดเด่นด้วยประวัติศาสตร์และบรรยากาศสงบ', 'บ่อเงิน', 'ลาดหลุมแก้ว', 'ปทุมธานี', 14.114938, 100.385813, '08:00:00', '16:30:00', NULL, 0, 4.3, 'วัด', 'image/PLACE/PTE/P_PTE002.jpeg'),
(50003, 'Wat Panyanantaram', 'วัดปัญญานันทาราม', 'วัดที่เป็นศูนย์กลางปฏิบัติธรรม โดดเด่นด้วยพระมหาเจดีย์ที่งดงามและร่มเย็น', 'คลองหก', 'คลองหลวง', 'ปทุมธานี', 14.129563, 100.725688, '08:00:00', '17:00:00', NULL, 0, 4.7, 'วัด', 'image/PLACE/PTE/P_PTE003.jpeg'),
(50004, 'Wat Pa Khlong 11', 'วัดป่าคลอง 11', 'วัดที่ตั้งอยู่ท่ามกลางธรรมชาติ สงบและเหมาะสำหรับการปฏิบัติธรรม', 'บึงกาสาม', 'หนองเสือ', 'ปทุมธานี', 14.187938, 100.836047, '06:00:00', '18:00:00', NULL, 0, 4.5, 'วัด', 'image/PLACE/PTE/P_PTE004.jpeg'),
(50005, 'Wat Bot Sam Khok', 'วัดโบสถ์', 'วัดเก่าแก่ที่มีสถาปัตยกรรมสวยงามและบรรยากาศร่มรื่นริมแม่น้ำ', 'บางกระบือ', 'สามโคก', 'ปทุมธานี', 14.114563, 100.540063, '06:00:00', '18:00:00', NULL, 0, 4.6, 'วัด', 'image/PLACE/PTE/P_PTE005.jpeg'),
(50006, 'Wat San Chao (Sian Pae Rongsi)', 'วัดศาลเจ้า เซียนแปะโรงสี ', 'วัดเก่าแก่ที่โดดเด่นด้วยศาลเจ้าและบรรยากาศศักดิ์สิทธิ์ ร่มรื่น', 'บ้านกลาง', 'เมืองปทุมธานี', 'ปทุมธานี', 14.002938, 100.541688, '07:00:00', '17:00:00', NULL, 0, 4.6, 'วัด', 'image/PLACE/PTE/P_PTE006.jpeg'),
(50007, 'Wat Don Yai', 'วัดดอนใหญ่', 'วัดที่สงบเงียบล้อมรอบด้วยธรรมชาติ เหมาะสำหรับการทำบุญและพักผ่อนใจ', 'ลำลูกกา', 'ลำลูกกา', 'ปทุมธานี', 13.984188, 100.776938, '07:00:00', '22:00:00', NULL, 0, 4.6, 'วัด', 'image/PLACE/PTE/P_PTE007.jpeg'),
(50008, 'Samkok Ingnum Market', 'ตลาดอิงน้ำสามโคก', 'ตลาดริมแม่น้ำที่ผสมผสานวัฒนธรรมท้องถิ่นและอาหารอร่อย', 'สามโคก', 'สามโคก', 'ปทุมธานี', 14.056082, 100.524156, '09:00:00', '16:00:00', 'จันทร์,อังคาร,พุธ,พฤหัสบดี,ศุกร์', 0, 4, 'ตลาดน้ำ', 'image/PLACE/PTE/P_PTE008.jpeg'),
(50009, 'Muang Rangsit Floating Market', 'ตลาดน้ำนครรังสิต', 'ตลาดน้ำที่สะท้อนวิถีชีวิตชาวบ้าน มีสินค้าและอาหารให้เลือกหลากหลาย', 'ประชาธิปัตย์ ', 'ธัญบุรี', 'ปทุมธานี', 13.988063, 100.633438, '10:00:00', '17:00:00', NULL, 0, 4, 'ตลาดน้ำ', 'image/PLACE/PTE/P_PTE009.jpeg'),
(50010, 'Rama IX Museum, Historic and Science Museum', 'พิพิธภัณฑ์พระราม 9', 'พิพิธภัณฑ์ที่รวบรวมความรู้ทางประวัติศาสตร์และวิทยาศาสตร์ พร้อมนิทรรศการที่น่าสนใจ', 'คลองห้า', 'คลองหลวง', 'ปทุมธานี', 14.048613, 100.719578, '09:00:00', '17:00:00', NULL, 0, 4.8, 'พิพิธภัณฑ์', 'image/PLACE/PTE/P_PTE010.jpeg'),
(50011, 'Uncle Chorn\'s Cabin', 'กระท่อมลุงจรณ์', 'กระท่อมในบรรยากาศธรรมชาติที่เหมาะแก่การพักผ่อนและสัมผัสชีวิตชนบทอย่างแท้จริง', 'สามโคก', 'สามโคก', 'ปทุมธานี', 14.046688, 100.531313, '08:00:00', '17:00:00', NULL, 0, 4.1, 'สถานที่ธรรมชาติ', 'image/PLACE/PTE/P_PTE011.jpeg'),
(50012, 'Wisdom Farm', 'พิพิธภัณฑ์การเกษตร', 'พิพิธภัณฑ์ที่เปิดโอกาสให้เรียนรู้เกี่ยวกับเกษตรกรรมและการพัฒนาอย่างยั่งยืน', 'คลองหนึ่ง', 'คลองหลวง', 'ปทุมธานี', 14.116088, 100.624359, '09:00:00', '16:00:00', 'จันทร์', 0, 4.6, 'สถานที่ธรรมชาติ', 'image/PLACE/PTE/P_PTE012.jpeg'),
(50013, 'Wat Sri Samosorn', 'วัดศรีสโมสร', 'วัดที่มีความเงียบสงบและสถาปัตยกรรมสวยงาม เหมาะสำหรับการทำสมาธิและปฏิบัติธรรม', 'บางบอน', 'หนองเสือ', 'ปทุมธานี', 14.080563, 100.755938, '08:00:00', '17:00:00', NULL, 0, 4.5, 'วัด', 'image/PLACE/PTE/P_PTE013.jpeg'),
(50014, 'Khlong Sip Song 100 years market', 'ตลาดโบราณ 100 ปี คลอง 12 หกวา', 'ตลาดโบราณที่มีการอนุรักษ์วิถีชีวิตแบบดั้งเดิมของชุมชน และสินค้าท้องถิ่นมากมาย', 'ลำไทร', 'ลำลูกกา', 'ปทุมธานี', 13.954313, 100.862313, '09:00:00', '15:00:00', 'จันทร์,อังคาร,พุธ,พฤหัสบดี,ศุกร์', 0, 4.2, 'ตลาดน้ำ', 'image/PLACE/PTE/P_PTE014.jpeg'),
(50015, 'Wat Sai Mai', 'วัดสายไหม', 'วัดที่เงียบสงบและเป็นศูนย์รวมจิตใจของชาวบ้านในพื้นที่', 'คูคต', 'ลำลูกกา', 'ปทุมธานี', 13.931313, 100.658203, '09:00:00', '20:00:00', NULL, 0, 4.6, 'วัด', 'image/PLACE/PTE/P_PTE015.jpeg'),
(50016, 'SUP Station Thailand', 'สับ สเตชั่น', 'สถานีสำหรับกิจกรรมพาย SUP ล่องน้ำในบรรยากาศธรรมชาติ', 'บางหลวง', 'เมืองปทุมธานี', 'ปทุมธานี', 13.990438, 100.527563, '08:00:00', '21:00:00', 'จันทร์', 0, 4.7, '', 'image/PLACE/PTE/P_PTE016.jpeg'),
(50017, 'Holy Family Church', 'วัดพระวิสุทธิวงส์', 'โบสถ์คริสต์ที่มีสถาปัตยกรรมสวยงามและเต็มไปด้วยความศรัทธา', 'คูคต', 'ลำลูกกา', 'ปทุมธานี', 13.955438, 100.851938, '00:01:00', '23:59:00', NULL, 0, 4.6, '', 'image/PLACE/PTE/P_PTE017.jpeg'),
(50018, 'Wat Prachum Rat', 'วัดประชุมราษฎร์', 'วัดที่สงบเงียบ ล้อมรอบด้วยชุมชนท้องถิ่น และบรรยากาศร่มรื่น', 'บึงคำพร้อย', 'ลำลูกกา', 'ปทุมธานี', 13.974218, 100.728617, '07:00:00', '17:00:00', NULL, 0, 4.5, 'วัด', 'image/PLACE/PTE/P_PTE018.jpeg'),
(50019, 'Wat Phuet Udom', 'วัดพืชอุดม', 'วัดที่เงียบสงบ โดดเด่นด้วยสถาปัตยกรรมเรียบง่ายและบรรยากาศร่มรื่น', 'พืชอุดม', 'ลำลูกกา ', 'ปทุมธานี', 13.956938, 100.887063, '08:00:00', '17:00:00', NULL, 0, 4.2, 'วัด', 'image/PLACE/PTE/P_PTE019.jpeg'),
(50020, 'Wat Krang', 'วัดกร่าง', 'วัดเก่าแก่ที่มีประวัติศาสตร์ยาวนาน เหมาะสำหรับผู้ชื่นชอบศิลปะวัฒนธรรม', 'กระบือ', 'สามโคก', 'ปทุมธานี', 14.115438, 100.535688, '07:00:00', '18:00:00', NULL, 0, 4.5, 'วัด', 'image/PLACE/PTE/P_PTE020.jpeg'),
(50021, 'Thung Na Mon', 'ทุ่งนามอญ', 'พื้นที่ธรรมชาติที่สะท้อนวิถีชีวิตเรียบง่ายของชาวมอญในบรรยากาศชนบท', 'คูขวาง', 'ลาดหลุมแก้ว', 'ปทุมธานี', 14.056063, 100.439313, '08:00:00', '17:00:00', NULL, 0, 4.3, 'สถานที่ธรรมชาติ', 'image/PLACE/PTE/P_PTE021.jpeg');
INSERT INTO `place` (`Place_ID`, `P_EngName`, `P_ThaiName`, `P_Description`, `P_Subdistrict`, `P_District`, `P_Province`, `P_Latitude`, `P_Longtitude`, `P_Opentime`, `P_Closetime`, `P_CloseDay`, `P_Price`, `P_Rating`, `P_Type`, `P_ImgSource`) VALUES
(50022, 'Golden Jubilee National Geological Museum', 'พิพิธภัณฑสถานแห่งชาติธรณีวิทยาเฉลิมพระเกียรติ', 'พิพิธภัณฑ์ที่รวบรวมความรู้ด้านธรณีวิทยา พร้อมจัดแสดงหินและแร่ธาตุที่น่าสนใจ', 'คลองห้า', 'คลองหลวง', 'ปทุมธานี', 14.070571, 100.704697, '09:30:00', '16:30:00', 'จันทร์', 30, 4.4, 'พิพิธภัณฑ์', 'image/PLACE/PTE/P_PTE022.jpeg'),
(50023, 'Dhammakaya Temple', 'วัดพระธรรมกาย', 'วัดที่โดดเด่นด้วยสถาปัตยกรรมทันสมัยและเป็นศูนย์รวมการปฏิบัติธรรม', 'คลองสอง', 'คลองหลวง', 'ปทุมธานี', 14.067313, 100.647563, '06:00:00', '20:00:00', NULL, 0, 4.6, 'วัด', 'image/PLACE/PTE/P_PTE023.jpeg'),
(50024, 'The National Memorial', 'อนุสรณ์สถานแห่งชาติ', 'สถานที่เชิดชูประวัติศาสตร์ชาติไทย พร้อมบรรยากาศแห่งความภาคภูมิใจ', 'คูคต', 'ลำลูกกา', 'ปทุมธานี', 13.952063, 100.621063, '08:30:00', '15:30:00', 'พุธ', 0, 4.4, 'สถานที่ประวัติศาสตร์', 'image/PLACE/PTE/P_PTE024.jpeg'),
(50025, 'Florista Cafe And Eatery', 'ฟลอริสต้า คาเฟ่ แอนด์ อีทเทอรี่', 'คาเฟ่สไตล์สวนดอกไม้ที่เต็มไปด้วยความสดชื่นและมุมถ่ายรูปสวยๆ', 'ลำผักกูด', 'ธัญบุรี ', 'ปทุมธานี', 14.029938, 100.763813, '09:00:00', '21:00:00', NULL, 0, 4.2, 'คาเฟ่', 'image/PLACE/PTE/P_PTE025.jpeg'),
(50026, 'Baan 1,000 Mai Café & Farm', 'บ้าน ๑,๐๐๐ ไม้', 'ฟาร์มและคาเฟ่ที่ผสมผสานธรรมชาติกับกิจกรรมเพื่อครอบครัวอย่างลงตัว', 'บางเตย', 'สามโคก', 'ปทุมธานี', 14.065938, 100.514438, '10:00:00', '17:00:00', 'จันทร์,อังคาร,พุธ,พฤหัสบดี,ศุกร์', 0, 4.3, 'คาเฟ่', 'image/PLACE/PTE/P_PTE026.jpeg'),
(50027, 'Prem Cafe In the Garden', 'เปรม คาเฟ่ อิน เดอะ การ์เดน', 'คาเฟ่กลางสวนที่เงียบสงบ ล้อมรอบด้วยธรรมชาติและความร่มรื่น', 'บ้านกลาง', 'เมืองปทุมธานี', 'ปทุมธานี', 14.018563, 100.568188, '08:30:00', '18:00:00', NULL, 0, 4.2, 'คาเฟ่', 'image/PLACE/PTE/P_PTE027.jpeg'),
(50028, 'Pumpkin Art Town', 'พัมพ์กิ้น อาร์ต ทาวน์', 'สถานที่สำหรับคนรักงานศิลปะและบรรยากาศอบอุ่นในชุมชน', 'กระแชง', 'สามโคก', 'ปทุมธานี', 14.045563, 100.552688, '09:00:00', '20:00:00', 'จันทร์,อังคาร', 0, 4.5, 'คาเฟ่', 'image/PLACE/PTE/P_PTE028.jpeg'),
(50029, 'The Kottage Cafe', 'เดอะ คอทเทจ คาเฟ่', 'คาเฟ่บรรยากาศบ้านไม้สไตล์คอทเทจ เหมาะสำหรับการพักผ่อน', 'บ่อเงิน', 'ลาดหลุมแก้ว', 'ปทุมธานี', 14.098813, 100.409813, '09:30:00', '17:00:00', 'จันทร์,อังคาร', 0, 4.4, 'คาเฟ่', 'image/PLACE/PTE/P_PTE029.jpeg'),
(50030, 'Ruedookarn Cafe & Cuisine', 'ฤดูกาล ', 'คาเฟ่ที่เสิร์ฟทั้งอาหารไทยและนานาชาติ ท่ามกลางบรรยากาศธรรมชาติ', 'หลักหก', 'เมืองปทุมธานี', 'ปทุมธานี', 13.974563, 100.586313, '07:00:00', '22:00:00', NULL, 0, 4.5, 'คาเฟ่', 'image/PLACE/PTE/P_PTE030.jpeg'),
(50031, 'Nitan Cafe & Garden', 'นิทานคาเฟ่', 'คาเฟ่ในสวนที่เต็มไปด้วยเสน่ห์ของนิทานและมุมถ่ายรูปสวยๆ', 'บางปรอก ', 'เมืองปทุมธานี', 'ปทุมธานี', 14.015063, 100.526438, '11:00:00', '18:30:00', 'อังคาร', 0, 4.5, 'คาเฟ่', 'image/PLACE/PTE/P_PTE031.jpeg'),
(50032, 'CHRA CAFE', 'ชรคาเฟ่', 'คาเฟ่ดีไซน์เก๋ในบรรยากาศเรียบง่าย พร้อมเครื่องดื่มรสเลิศ', 'บึงยี่โถ', 'ธัญบุรี', 'ปทุมธานี', 14.004313, 100.696313, '07:00:00', '18:00:00', NULL, 0, 4.5, 'คาเฟ่', 'image/PLACE/PTE/P_PTE032.jpeg'),
(50033, 'Mushroom Hut Cafe', 'มัชรูม ฮัท คาเฟ่', 'คาเฟ่ธีมเห็ดสุดน่ารัก พร้อมอาหารและเครื่องดื่มที่สร้างสรรค์', 'คลองควาย', 'สามโคก ', 'ปทุมธานี', 14.085688, 100.520438, '10:00:00', '18:00:00', NULL, 0, 3.9, 'ร้านอาหาร', 'image/PLACE/PTE/P_PTE033.jpeg'),
(50034, 'Pareto Cafe’', 'พาเรโต้ คัฟเฟ่', 'คาเฟ่สไตล์มินิมอล เรียบง่ายแต่ลงตัว เหมาะสำหรับคนรักกาแฟ', 'บางปรอก', 'เมืองปทุมธานี ', 'ปทุมธานี', 14.022063, 100.527438, '07:30:00', '20:00:00', 'อังคาร', 0, 4.4, 'คาเฟ่', 'image/PLACE/PTE/P_PTE034.jpeg'),
(50035, 'de facto cafe and eatery', 'ดิ แฟคโท', 'คาเฟ่และร้านอาหารที่มาพร้อมบรรยากาศอบอุ่นและหลากหลายเมนูอร่อย', 'บึงยี่โถ', 'ธัญบุรี', 'ปทุมธานี', 14.007313, 100.664438, '11:00:00', '21:00:00', NULL, 0, 4.2, 'ร้านอาหาร', 'image/PLACE/PTE/P_PTE035.jpeg'),
(50036, 'Ban Chueak Cafe', 'บ้านเชือก คาเฟ่', 'คาเฟ่บ้านไม้สไตล์ไทยร่วมสมัย อบอุ่นด้วยบรรยากาศแบบดั้งเดิม', 'ท้ายเกาะ', 'สามโคก', 'ปทุมธานี', 14.105063, 100.495063, '10:00:00', '20:00:00', NULL, 0, 4.9, 'คาเฟ่', 'image/PLACE/PTE/P_PTE036.jpeg'),
(50037, 'Ton Khao Hom Cafe and Farm', 'ต้นข้าวหอม คาเฟ่และฟาร์ม', 'คาเฟ่กลางฟาร์มที่เชื่อมโยงธรรมชาติ กับเมนูเพื่อสุขภาพ', 'ระแหง', 'ลาดหลุมแก้ว', 'ปทุมธานี', 14.025188, 100.442188, '09:00:00', '17:00:00', NULL, 0, 4.5, 'คาเฟ่', 'image/PLACE/PTE/P_PTE037.jpeg'),
(50038, 'G Farm at Sam Khok', 'จี ฟาร์ม แอท สามโคก', 'สถานที่ท่องเที่ยวเชิงเกษตรที่ให้คุณสัมผัสธรรมชาติอย่างใกล้ชิด', 'กระแชง', 'สามโคก', 'ปทุมธานี', 14.036063, 100.544063, '09:00:00', '18:00:00', 'จันทร์', 0, 4.5, 'ร้านอาหาร', 'image/PLACE/PTE/P_PTE038.jpeg'),
(50039, 'Resfeber Cafe', 'เรสเฟเบอร์ คาเฟ่', 'คาเฟ่บรรยากาศสงบ เหมาะสำหรับการพักผ่อนและค้นพบแรงบันดาลใจ', 'คูคต', 'ลำลูกกา', 'ปทุมธานี', 13.970563, 100.643438, '09:00:00', '18:00:00', 'จันทร์,อังคาร', 0, 4.7, 'คาเฟ่', 'image/PLACE/PTE/P_PTE039.jpeg'),
(50040, 'Chicharome Cafe', 'ฌิชรมย์ คาเฟ่', 'คาเฟ่ที่โอบล้อมด้วยสวนธรรมชาติ พร้อมมุมพักผ่อนสุดผ่อนคลาย', 'บึงคำพร้อย', 'ลำลูกกา', 'ปทุมธานี', 13.969438, 100.725063, '09:00:00', '18:00:00', 'จันทร์', 0, 4.2, 'คาเฟ่', 'image/PLACE/PTE/P_PTE040.jpeg'),
(50041, 'Grandpa\'s Cafe', 'แกรนด์ปา คาเฟ่', 'คาเฟ่สไตล์บ้านคุณปู่ บรรยากาศอบอุ่นและเมนูรสชาติดั้งเดิม', 'บึงบา', 'หนองเสือ', 'ปทุมธานี', 13.965688, 100.597063, '12:00:00', '22:00:00', NULL, 0, 4.2, 'คาเฟ่', 'image/PLACE/PTE/P_PTE041.jpeg'),
(50042, 'Auntie\'s Garden cafe & restaurant', 'อานตี้ส์ การ์เด้น คาเฟ่ แอนด์ เรสเตอรองท์', 'ร้านอาหารและคาเฟ่ในสวนสุดร่มรื่น เหมาะสำหรับทุกเพศทุกวัย', 'บางคูวัด', 'เมืองปทุมธานี ', 'ปทุมธานี', 13.950688, 100.506313, '10:00:00', '21:00:00', NULL, 0, 3.9, 'ร้านอาหาร', 'image/PLACE/PTE/P_PTE042.jpeg'),
(60001, 'Wat Thammasari Phirum', 'วัดธรรมจริยาภิรมย์', 'วัดสงบเงียบ สถานที่ปฏิบัติธรรมสำหรับผู้ที่ต้องการทำสมาธิ', 'หลักสาม', 'บ้านแพ้ว', 'สมุทรสาคร', 13.585563, 100.099938, '06:00:00', '20:00:00', NULL, 0, 4.4, 'วัด', 'image/PLACE/SKN/P_SKN001.jpeg'),
(60002, 'Wat Tha Mai', 'วัดท่าไม้', 'วัดที่มีประวัติความสำคัญทางพระพุทธศาสนาและเป็นจุดแวะพักผ่อน', 'ท่าไม้', 'กระทุ่มแบน', 'สมุทรสาคร', 13.676438, 100.253938, '06:00:00', '20:00:00', NULL, 0, 4.5, 'วัด', 'image/PLACE/SKN/P_SKN002.jpeg'),
(60003, 'Wat Nang Sao', 'วัดนางสาว', 'วัดเก่าแก่มีความสงบ เหมาะสำหรับการสักการะและทำสมาธิ', 'ท่าไม้', 'กระทุ่มแบน', 'สมุทรสาคร', 13.666813, 100.268688, '06:00:00', '20:00:00', NULL, 0, 4.5, 'วัด', 'image/PLACE/SKN/P_SKN003.jpeg'),
(60004, 'Wat Pa Chai Rangsri', 'วัดป่าชัยรังสี', 'วัดป่าชัยรังสี วัดที่มีบรรยากาศเงียบสงบ เหมาะกับการทำสมาธิ', 'บ้านเกาะ', 'เมืองสมุทรสาคร', 'สมุทรสาคร', 13.594438, 100.262438, '06:00:00', '20:00:00', NULL, 0, 4.5, 'วัด', 'image/PLACE/SKN/P_SKN004.jpeg'),
(60005, 'Wat Krok Krak', 'วัดโกรกกราก', 'วัดที่มีประวัติศาสตร์และสถาปัตยกรรมที่น่าสนใจ', 'โกรกกราก ', 'เมืองสมุทรสาคร', 'สมุทรสาคร', 13.530563, 100.275063, '08:00:00', '17:00:00', NULL, 0, 4.6, 'วัด', 'image/PLACE/SKN/P_SKN005.jpeg'),
(60006, 'Phra Klang Nam', 'ศาลาพระกลางน้ำ', 'พระพุทธมหาสมุทร ศาลาพระกลางน้ำที่สร้างขึ้นอย่างสวยงาม', 'พันท้ายนรสิงห์', 'เมืองสมุทรสาคร ', 'สมุทรสาคร', 13.474063, 100.389859, '08:00:00', '17:00:00', NULL, 0, 4.5, 'วัด', 'image/PLACE/SKN/P_SKN006.jpeg'),
(60007, 'Wat Lak Si Ratsadaram', 'วัดหลักสี่ราษฎร์สโมสร', 'วัดที่มีความสำคัญทางศาสนาและเป็นจุดศูนย์กลางของชุมชน', 'ยกกระบัตร', 'บ้านแพ้ว', 'สมุทรสาคร', 13.574938, 100.078313, '08:00:00', '17:00:00', NULL, 0, 4.6, 'วัด', 'image/PLACE/SKN/P_SKN007.jpeg'),
(60008, 'Wat Laem Suwannaram', 'วัดแหลมสุวรรณาราม', 'วัดที่มีบรรยากาศร่มรื่น สงบ เหมาะสำหรับการทำสมาธิ', 'ท่าฉลอม', 'เมืองสมุทรสาคร ', 'สมุทรสาคร', 13.541863, 100.270422, '08:00:00', '17:00:00', NULL, 0, 4.4, 'วัด', 'image/PLACE/SKN/P_SKN008.jpeg'),
(60009, 'Wat Tha Krabue', 'วัดท่ากระบือ', 'วัดที่ตั้งอยู่ริมแม่น้ำบรรยากาศสงบ สวยงาม', 'บางยาง', 'กระทุ่มแบน', 'สมุทรสาคร', 13.662438, 100.222641, '08:00:00', '08:00:00', NULL, 0, 4.6, 'วัด', 'image/PLACE/SKN/P_SKN009.jpeg'),
(60010, 'Wat Yai Chom Prasat', 'วัดใหญ่จอมปราสาท', 'วัดโบราณที่มีความสำคัญทางประวัติศาสตร์ในพื้นที่', 'ท่าจีน', 'เมืองสมุทรสาคร ', 'สมุทรสาคร', 13.540863, 100.247828, '08:00:00', '08:00:00', NULL, 0, 4.4, 'วัด', 'image/PLACE/SKN/P_SKN010.jpeg'),
(60011, 'Wat Khok Kham', 'วัดโคกขาม', 'วัดที่มีบรรยากาศเงียบสงบ เหมาะกับการสักการะและทำสมาธิ', 'โคกขาม', 'เมืองสมุทรสาคร ', 'สมุทรสาคร', 13.569438, 100.343563, '07:30:00', '17:00:00', NULL, 0, 4.5, 'วัด', 'image/PLACE/SKN/P_SKN011.jpeg'),
(60012, 'Wat Yai Ban Bo', 'วัดใหญ่บ้านบ่อ', 'วัดที่มีความสำคัญในชุมชน สถานที่ปฏิบัติธรรมและสักการะ', 'บ้านบ่อ', 'เมืองสมุทรสาคร ', 'สมุทรสาคร', 13.513438, 100.184141, '08:00:00', '17:00:00', NULL, 0, 4.4, 'วัด', 'image/PLACE/SKN/P_SKN012.jpeg'),
(60013, 'St Anne\'s Church', 'วัดนักบุญอันนา', 'วัดที่มีบรรยากาศสงบ สวยงาม เหมาะแก่การทำสมาธิและสักการะพระพุทธรูป', 'บางหญ้าแพรก', 'เมืองสมุทรสาคร ', 'สมุทรสาคร', 13.528563, 100.263063, '07:00:00', '17:00:00', 'เสาร์,อาทิตย์', 0, 4.5, 'วัด', 'image/PLACE/SKN/P_SKN013.jpeg'),
(60014, 'Wat Ketu Mdee Sri Woraram', 'วัดเกตุมดีศรีวราราม', 'วัดที่มีบรรยากาศเงียบสงบ สวยงาม และเหมาะสำหรับการสักการะ', 'บางโทรัด', 'เมืองสมุทรสาคร ', 'สมุทรสาคร', 13.511188, 100.150813, '06:00:00', '18:00:00', NULL, 0, 4.3, 'วัด', 'image/PLACE/SKN/P_SKN014.jpeg'),
(60015, 'Phutthamonthon Samut Sakhon', 'พุทธมณฑลสมุทรสาคร', 'พุทธมณฑลสมุทรสาคร สถานที่สำคัญสำหรับการบำเพ็ญภาวนาและการปฏิบัติธรรม', 'อำแพง ', 'บ้านแพ้ว', 'สมุทรสาคร', 13.612188, 100.218984, '05:00:00', '08:00:00', NULL, 0, 4.7, 'วัด', 'image/PLACE/SKN/P_SKN015.jpeg'),
(60016, 'Wat Chong Lom', 'วัดช่องลม', 'วัดที่ตั้งอยู่ริมแม่น้ำบรรยากาศสงบ เหมาะกับการพักผ่อนและปฏิบัติธรรม', 'ท่าฉลอม', 'เมืองสมุทรสาคร ', 'สมุทรสาคร', 13.530563, 100.263563, '08:00:00', '17:00:00', NULL, 0, 4.5, 'วัด', 'image/PLACE/SKN/P_SKN016.jpeg'),
(60017, 'Pantaithainorsingh Floating Market', 'ตลาดน้ำพันท้ายนรสิงห์', 'ตลาดน้ำพันท้ายนรสิงห์ ตลาดน้ำที่เต็มไปด้วยสินค้าอร่อยและของฝาก', 'พันท้ายนรสิงห์', 'เมืองสมุทรสาคร ', 'สมุทรสาคร', 13.582688, 100.365688, '09:00:00', '17:00:00', 'จันทร์,อังคาร,พุธ,พฤหัสบดี,ศุกร์', 0, 4, 'ตลาดน้ำ', 'image/PLACE/SKN/P_SKN017.jpeg'),
(60018, 'Benjarong Village Donkai Dee', 'เบญจรงค์ดอนไก่ดี', 'หมู่บ้านเบญจรงค์ดอนไก่ดี มีการผลิตเครื่องเบญจรงค์ที่สวยงามและโดดเด่น', 'ดอนไก่ดี', 'กระทุ่มแบน', 'สมุทรสาคร', 13.644163, 100.253484, '08:00:00', '18:00:00', NULL, 0, 5, '', 'image/PLACE/SKN/P_SKN018.jpeg'),
(60019, 'Ao Mahachai Mangrove Forest Natural Education Center', 'ศูนย์ศึกษาธรรมชาติป่าชายเลนอ่าวมหาชัย', 'ป่าชายเลนอ่าวมหาชัย สถานที่พักผ่อนและศึกษาธรรมชาติของป่าชายเลน', 'บางหญ้าแพรก', 'เมืองสมุทรสาคร ', 'สมุทรสาคร', 13.502638, 100.270672, '08:30:00', '16:30:00', NULL, 0, 4.2, 'ป่าชายเลน', 'image/PLACE/SKN/P_SKN019.jpeg'),
(60020, 'The Red Bridge, Dolphin Watching Area', 'สะพานแดง จุดชมวิวปลาโลมา', 'สะพานแดง สัญลักษณ์สำคัญของพื้นที่ ชมวิวสวยๆ บริเวณสะพาน', 'พันท้ายนรสิงห์', 'เมืองสมุทรสาคร ', 'สมุทรสาคร', 13.487463, 100.362703, '06:00:00', '21:00:00', NULL, 0, 4.4, 'สถานที่ธรรมชาติ', 'image/PLACE/SKN/P_SKN020.jpeg'),
(60021, 'Rainbow Wooden Bridge', 'สะพานไม้สายรุ้ง', 'สะพานสายรุ้ง บ้านกาหลง สถานที่ถ่ายรูปสวยที่มีสะพานที่สะท้อนแสงสีรุ้ง', 'กาหลง', 'เมืองสมุทรสาคร ', 'สมุทรสาคร', 13.472619, 100.164677, '00:01:00', '23:59:00', NULL, 0, 4.2, 'สถานที่ธรรมชาติ', 'image/PLACE/SKN/P_SKN021.jpeg'),
(60022, 'Pantaithainorsingh Shrine', 'ศาลพันท้ายนรสิงห์', 'ศาลพันท้ายนรสิงห์ สถานที่เคารพศรัทธาและจุดท่องเที่ยวที่สำคัญ', 'พันท้ายนรสิงห์', 'เมืองสมุทรสาคร ', 'สมุทรสาคร', 13.533238, 100.378516, '06:00:00', '20:00:00', NULL, 0, 4.5, 'สถานที่ประวัติศาสตร์', 'image/PLACE/SKN/P_SKN022.jpeg'),
(60023, 'Phak Paeb Cafe', 'พักแป๊บคาเฟ่', 'คาเฟ่ที่มีบรรยากาศผ่อนคลาย เหมาะสำหรับการพักผ่อนและดื่มกาแฟ', 'พันท้ายนรสิงห์', 'เมืองสมุทรสาคร ', 'สมุทรสาคร', 13.514313, 100.380938, '09:00:00', '18:00:00', 'จันทร์', 0, 4.6, 'คาเฟ่', 'image/PLACE/SKN/P_SKN023.jpeg'),
(60024, 'Ban Suan Pah Fun', 'บ้านสวนพาฝัน', 'บ้านสวนพาฝัน คาเฟ่ในสวนสวย เหมาะกับการนั่งพักและดื่มเครื่องดื่มสดชื่น', 'บ้านแพ้ว', 'เมืองสมุทรสาคร ', 'สมุทรสาคร', 13.611813, 100.060688, '10:00:00', '19:00:00', 'จันทร์', 0, 4.4, 'คาเฟ่', 'image/PLACE/SKN/P_SKN024.jpeg'),
(60025, 'Ruean Chai Nam', 'เรือนชายน้ำ', 'เรือนชายน้ำ คาเฟ่ริมแม่น้ำ เหมาะกับการพักผ่อนและชมวิว', 'บ้านบ่อ', 'เมืองสมุทรสาคร ', 'สมุทรสาคร', 13.507938, 100.183938, '10:00:00', '22:00:00', NULL, 0, 4.3, 'คาเฟ่', 'image/PLACE/SKN/P_SKN025.jpeg'),
(60026, 'See Sea Sun - Simple Style', 'ซี ซี ซัน - แบบง่ายๆ', 'ซี ซี ซัน คาเฟ่สไตล์เรียบง่ายกับวิวทะเลที่สวยงาม', 'พันท้ายนรสิงห์', 'เมืองสมุทรสาคร ', 'สมุทรสาคร', 13.530063, 100.370938, '10:00:00', '19:00:00', 'พฤหัสบดี', 0, 4.2, 'คาเฟ่', 'image/PLACE/SKN/P_SKN026.jpeg'),
(60027, 'Kwan Khao Riverside', 'ขวัญข้าว ริเวอร์ไซด์', 'ขวัญข้าว ริเวอร์ไซด์ คาเฟ่ริมแม่น้ำบรรยากาศสบายๆ', 'บางโทรัด', 'เมืองสมุทรสาคร ', 'สมุทรสาคร', 13.520188, 100.170188, '11:00:00', '22:00:00', NULL, 0, 4.3, 'คาเฟ่', 'image/PLACE/SKN/P_SKN027.jpeg'),
(60028, 'Kokoro Cafe', 'โคโคโร คาเฟ่', 'โคโคโร คาเฟ่ คาเฟ่ญี่ปุ่นสุดน่ารัก บรรยากาศอบอุ่น', 'คอกกระบือ', 'เมืองสมุทรสาคร ', 'สมุทรสาคร', 13.593188, 100.329188, '08:00:00', '17:00:00', NULL, 0, 4.6, 'คาเฟ่', 'image/PLACE/SKN/P_SKN028.jpeg'),
(60029, 'Rays River Café', 'เรย์ส ริเวอร์ คาเฟ่', 'เรย์ส ริเวอร์ คาเฟ่ คาเฟ่ริมแม่น้ำ บรรยากาศสบายๆ สดชื่น', 'บางยาง', 'กระทุ่มแบน', 'สมุทรสาคร', 13.661938, 100.234438, '10:00:00', '08:00:00', NULL, 0, 4.9, 'คาเฟ่', 'image/PLACE/SKN/P_SKN029.jpeg'),
(60030, 'Patma In Café - PAT MA in Cafe', 'พัดมา อิน คาเฟ่ ', 'พัดมา อิน คาเฟ่ คาเฟ่ที่มีเมนูอร่อยและบรรยากาศสงบ', 'คอกกระบือ', 'เมืองสมุทรสาคร ', 'สมุทรสาคร', 13.609688, 100.326938, '08:30:00', '19:30:00', 'อังคาร', 0, 4.7, 'คาเฟ่', 'image/PLACE/SKN/P_SKN030.jpeg'),
(60031, 'Kinlamoon', 'กลิ่นละมุน', 'โคโค่ ดั๊ก คาเฟ่ ร้านกาแฟบรรยากาศผ่อนคลาย สบายๆ', 'บ้านเกาะ', 'เมืองสมุทรสาคร ', 'สมุทรสาคร', 13.586813, 100.222563, '07:30:00', '17:00:00', NULL, 0, 4.5, 'คาเฟ่', 'image/PLACE/SKN/P_SKN031.jpeg'),
(60032, 'Praw Hom Café', 'พร้าวหอมคาเฟ่', 'พร้าวหอมคาเฟ่ คาเฟ่ที่ใช้วัตถุดิบสดใหม่จากสวนและท้องถิ่น', 'หนองบัว', 'บ้านแพ้ว', 'สมุทรสาคร', 13.601438, 100.091813, '10:00:00', '19:00:00', 'จันทร์', 0, 4.3, 'คาเฟ่', 'image/PLACE/SKN/P_SKN032.jpeg'),
(60033, 'La Bella Café', 'ลา เบลล่า คาเฟ่', 'ลา เบลล่า คาเฟ่ คาเฟ่ที่มีการตกแต่งแบบสวยงามและเมนูที่โดดเด่น', 'บางยาง', 'กระทุ่มแบน', 'สมุทรสาคร', 13.662313, 100.224188, '09:00:00', '16:00:00', 'จันทร์,อังคาร,พุธ,พฤหัสบดี', 0, 4.5, 'คาเฟ่', 'image/PLACE/SKN/P_SKN033.jpeg'),
(60034, 'PakPap Café', 'แพคแแพค คาเฟ่', 'แพคแแพค คาเฟ่ คาเฟ่ที่ตกแต่งอย่างน่ารักและมีอาหารอร่อย', 'พันท้ายนรสิงห์', 'เมืองสมุทรสาคร ', 'สมุทรสาคร', 13.514313, 100.380938, '09:00:00', '18:00:00', 'จันทร์', 0, 4.6, 'คาเฟ่', 'image/PLACE/SKN/P_SKN034.jpeg'),
(60035, 'Pause the Time', 'พอส เดอะ ไทม์', 'พอส เดอะ ไทม์ คาเฟ่สไตล์ชิลๆ บรรยากาศผ่อนคลาย', 'บ้านแพ้ว', 'บ้านแพ้ว', 'สมุทรสาคร', 13.648813, 100.088313, '09:00:00', '17:30:00', NULL, 0, 4, 'คาเฟ่', 'image/PLACE/SKN/P_SKN035.jpeg'),
(60036, ' Baanthaifarm', 'บ้านไทยฟาร์ม', 'บ้านไทยคาเฟ่ คาเฟ่สไตล์ไทยๆ ร่มรื่นมีอาหารและเครื่องดื่มอร่อย', 'ยกกระบัตร', 'บ้านแพ้ว', 'สมุทรสาคร', 13.565563, 100.072938, '09:00:00', '18:00:00', NULL, 0, 4, 'คาเฟ่', 'image/PLACE/SKN/P_SKN036.jpeg'),
(60037, 'Dikan Café', 'ดีกัน คาเฟ่', 'ดีกัน คาเฟ่ คาเฟ่ที่มีเมนูอาหารไทยและเครื่องดื่มสุดพิเศษ', 'ท่าไม้', 'กระทุ่มแบน', 'สมุทรสาคร', 13.672813, 100.240313, '09:00:00', '19:00:00', NULL, 0, 4.3, 'คาเฟ่', 'image/PLACE/SKN/P_SKN037.jpeg'),
(60038, 'Pantaithainorsingh Water Park', 'สวนน้ำพันท้ายนรสิงห์', 'สวนน้ำพันท้ายนรสิงห์ สวนน้ำที่มีกิจกรรมสนุกสนานในบรรยากาศสดชื่น', 'พันท้ายนรสิงห์', 'เมืองสมุทรสาคร ', 'สมุทรสาคร', 13.530663, 100.374953, '10:00:00', '18:00:00', NULL, 0, 3, 'สวนน้ำ', 'image/PLACE/SKN/P_SKN038.webp');

-- --------------------------------------------------------

--
-- Table structure for table `station`
--

CREATE TABLE `station` (
  `station_id` varchar(11) NOT NULL,
  `station_name_th` varchar(255) NOT NULL,
  `station_name_en` varchar(255) NOT NULL,
  `line` varchar(255) NOT NULL
) ENGINE=InnoDB DEFAULT CHARSET=utf8mb4 COLLATE=utf8mb4_general_ci;

--
-- Dumping data for table `station`
--

INSERT INTO `station` (`station_id`, `station_name_th`, `station_name_en`, `line`) VALUES
('CEN', 'สยาม', 'Siam', 'Sukhumvit Line'),
('E1', 'ชิดลม', 'Chit Lom', 'Sukhumvit Line'),
('E10', 'บางจาก', 'Bang Chak', 'Sukhumvit Line'),
('E11', 'ปุณณวิถี', 'Punnawithi', 'Sukhumvit Line'),
('E12', 'อุดมสุข', 'Udom Suk', 'Sukhumvit Line'),
('E13', 'บางนา', 'Bang Na', 'Sukhumvit Line'),
('E14', 'แบริ่ง', 'Bearing', 'Sukhumvit Line'),
('E15', 'สำโรง', 'Samrong', 'Sukhumvit Line'),
('E16', 'ปู่เจ้าสมิงพราย', 'Pu Chao', 'Sukhumvit Line'),
('E17', 'ช้างเอราวัณ', 'Chang Erawan', 'Sukhumvit Line'),
('E18', 'โรงเรียนนายเรือ', 'Royal Thai Naval Academy', 'Sukhumvit Line'),
('E19', 'ปากน้ำ', 'Pak Nam', 'Sukhumvit Line'),
('E2', 'เพลินจิต', 'Phloen Chit', 'Sukhumvit Line'),
('E20', 'ศรีนครินทร์', 'Srinagarindra', 'Sukhumvit Line'),
('E21', 'แพรกษา', 'Phraek Sa', 'Sukhumvit Line'),
('E22', 'สายลวด', 'Sai Luat', 'Sukhumvit Line'),
('E23', 'เคหะฯ', 'Kheha', 'Sukhumvit Line'),
('E3', 'นานา', 'Nana', 'Sukhumvit Line'),
('E4', 'อโศก ', 'Asok', 'Sukhumvit Line'),
('E5', 'พร้อมพงษ์', 'Phrom Phong', 'Sukhumvit Line'),
('E6', 'ทองหล่อ', 'Thong Lo', 'Sukhumvit Line'),
('E7', 'เอกมัย', 'Ekkamai', 'Sukhumvit Line'),
('E8', 'พระโขนง', 'Phra Khanong', 'Sukhumvit Line'),
('E9', 'อ่อนนุช', 'On Nut', 'Sukhumvit Line'),
('N1', 'ราชเทวี', 'Ratchathewi', 'Sukhumvit Line'),
('N10', 'พหลโยธิน 24', 'Phahon Yothin 24', 'Sukhumvit Line'),
('N11', 'รัชโยธิน', 'Ratchayothin', 'Sukhumvit Line'),
('N12', 'เสนานิคม', 'Sena Nikhom', 'Sukhumvit Line'),
('N13', 'มหาวิทยาลัยเกษตรศาสตร์', 'Kasetsart University', 'Sukhumvit Line'),
('N14', 'กรมป่าไม้', 'Royal Forest Department', 'Sukhumvit Line'),
('N15', 'บางบัว', 'Bang Bua', 'Sukhumvit Line'),
('N16', 'กรมทหารราบที่ 11', '11th Infantry Regiment', 'Sukhumvit Line'),
('N17', 'วัดพระศรีมหาธาตุ', 'Wat Phra Sri Mahathat', 'Sukhumvit Line'),
('N18', 'พหลโยธิน 59', 'Phahon Yothin 59', 'Sukhumvit Line'),
('N19', 'สายหยุด', 'Sai Yud', 'Sukhumvit Line'),
('N2', 'พญาไท', 'Phaya Thai', 'Sukhumvit Line'),
('N20', 'สะพานใหม่', 'Saphan Mai', 'Sukhumvit Line'),
('N21', 'โรงพยาบาลภูมิพลอดุลยเดช', 'Bhumibol Adulyadej Hospital', 'Sukhumvit Line'),
('N22', 'พิพิธภัณฑ์กองทัพอากาศ', 'Royal Thai Air Force Museum', 'Sukhumvit Line'),
('N23', 'แยก คปอ.', 'Yaek Kor Por Aor', 'Sukhumvit Line'),
('N24', 'คูคต', 'Khu Khot', 'Sukhumvit Line'),
('N3', 'อนุสาวรีย์ชัยสมรภูมิ', 'Victory Monument', 'Sukhumvit Line'),
('N4', 'สนามเป้า', 'Sanam Pao', 'Sukhumvit Line'),
('N5', 'อารีย์', 'Ari', 'Sukhumvit Line'),
('N6', 'เสนาร่วม', 'Sena Ruam', 'Sukhumvit Line'),
('N7', 'สะพานควาย', 'Saphan Khwai', 'Sukhumvit Line'),
('N8', 'หมอชิต', 'Mo Chit', 'Sukhumvit Line'),
('N9', 'ห้าแยกลาดพร้าว', 'Ha Yaek Lat Phrao', 'Sukhumvit Line'),
('PK01', 'ศูนย์ราชการนนทบุรี', 'Nonthaburi Civic Center', 'Pink Line'),
('PK02', 'แคราย', 'Khae Rai', 'Pink Line'),
('PK03', 'สามัคคี', 'Samakkhi', 'Pink Line'),
('PK04', 'แยกปากเกร็ด', 'Yaek Pak Kret', 'Pink Line'),
('PK05', 'เลี่ยงเมืองปากเกร็ด', 'Pak Kret Bypass', 'Pink Line'),
('PK06', 'แจ้งวัฒนะ-ปากเกร็ด 28', 'Chaeng Watthana-Pak Kret 28', 'Pink Line'),
('PK07', 'ศรีรัช', 'Si Rat', 'Pink Line'),
('PK08', 'เมืองทองธานี', 'Muang Thong Thani', 'Pink Line'),
('PK09', 'ทะเลสาบเมืองทองธานี', 'Lake Muang Thong Thani', 'Pink Line'),
('PK10', 'แจ้งวัฒนะ 14', 'Chaeng Watthana 14', 'Pink Line'),
('PK11', 'ศูนย์ราชการเฉลิมพระเกียรติ', 'Government Complex', 'Pink Line'),
('PK12', 'โทรคมนาคมแห่งชาติ', 'National Telecom', 'Pink Line'),
('PK13', 'หลักสี่', 'Lak Si', 'Pink Line'),
('PK14', 'ราชภัฏพระนคร', 'Rajabhat Phranakhon', 'Pink Line'),
('PK15', 'วัดพระศรีมหาธาตุ', 'Wat Phra Sri Mahathat', 'Pink Line'),
('PK16', 'รามอินทรา 3', 'Ram Inthra 3', 'Pink Line'),
('PK17', 'ลาดปลาเค้า', 'Lat Pla Khao', 'Pink Line'),
('PK18', 'รามอินทรา กม.4', 'Ram Inthra Km. 4', 'Pink Line'),
('PK19', 'มัยลาภ', 'Maiyalap', 'Pink Line'),
('PK20', 'วัชรพล', 'Watcharaphon', 'Pink Line'),
('PK21', 'รามอินทรา กม.6', 'Ram Inthra Km. 6', 'Pink Line'),
('PK22', 'คู้บอน', 'Khu Bon', 'Pink Line'),
('PK23', 'รามอินทรา กม.9', 'Ram Inthra Km. 9', 'Pink Line'),
('PK24', 'วงแหวนรามอินทรา', 'Outer Ring Road-Ram Inthra', 'Pink Line'),
('PK25', 'มีนบุรี', 'Min Buri', 'Pink Line'),
('PK26', 'ตลาดมีนบุรี', 'Min Buri Market', 'Pink Line'),
('PK27', 'เศรษฐบุตรบำเพ็ญ', 'Setthabutbamphen', 'Pink Line'),
('PK28', 'บางชัน', 'Bang Chan', 'Pink Line'),
('PK29', 'นพรัตน์', 'Nopparat', 'Pink Line'),
('PK30', 'มีนบุรี(ศูนย์รวม)', 'Min Buri - Terminal', 'Pink Line'),
('PP01', 'คลองบางไผ่', 'Khlong Bang Phai', 'Purple Line'),
('PP02', 'ตลาดบางใหญ่', 'Talad Bang Yai', 'Purple Line'),
('PP03', 'สามแยกบางใหญ่', 'Sam Yaek Bang Yai', 'Purple Line'),
('PP04', 'บางพลู', 'Bang Phlu', 'Purple Line'),
('PP05', 'บางรักใหญ่', 'Bang Rak Yai', 'Purple Line'),
('PP06', 'บางรักน้อย-ท่าอิฐ', 'Bang Rak Noi Tha It', 'Purple Line'),
('PP07', 'ไทรม้า', 'Sai Ma', 'Purple Line'),
('PP08', 'สะพานพระนั่งเกล้า', 'Phra Nang Klao Bridge', 'Purple Line'),
('PP09', 'แยกนนทบุรี1', 'Yeak Nonthaburi 1', 'Purple Line'),
('PP10', 'บางกระสอ', 'Bang Krasor', 'Purple Line'),
('PP11', 'ศูนย์ราชการนนทบุรี', 'Nonthaburi Civic Center', 'Purple Line'),
('PP12', 'กระทรวงสาธารณสุข', 'Ministry of Public Health', 'Purple Line'),
('PP13', 'แยกติวานนท์', 'Yeak Tiwanon', 'Purple Line'),
('PP14', 'วงศ์สว่าง', 'Wong Sawang', 'Purple Line'),
('PP15', 'บางซ่อน', 'Bang Son', 'Purple Line'),
('PP16', 'เตาปูน', 'Tao Poon', 'Purple Line'),
('RN01', 'สถานีกลางบางซื่อ', 'Bang Sue Grand Station', 'Red Line'),
('RN02', 'จตุจักร', 'Chatuchak', 'Red Line'),
('RN03', 'วัดเสมียนนารี', 'Wat Samian Nari', 'Red Line'),
('RN04', 'บางเขน', 'Bang Khen', 'Red Line'),
('RN05', 'ทุ่งสองห้อง', 'Thung Song Hong', 'Red Line'),
('RN06', 'หลักสี่', 'Lak Si', 'Red Line'),
('RN07', 'การเคหะ', 'Kan Kheha', 'Red Line'),
('RN08', 'ดอนเมือง', 'Don Mueang', 'Red Line'),
('RN09', 'หลักหก', 'Lak Hok', 'Red Line'),
('RN10', 'รังสิต', 'Rangsit', 'Red Line'),
('RW01', 'สถานีกลางบางซื่อ', 'Bang Sue Grand Station', 'Light Red Line'),
('RW02', 'บางซ่อน', 'Bang Son', 'Light Red Line'),
('RW05', 'บางบำหรุ', 'Bang Bamru', 'Light Red Line'),
('RW06', 'ตลิ่งชัน', 'Taling Chan', 'Light Red Line'),
('S1', 'ราชดำริ', 'Ratchadamri', 'Silom Line'),
('S10', 'ตลาดพลู', 'Talat Phlu', 'Silom Line'),
('S11', 'วุฒากาศ', 'Wutthakat', 'Silom Line'),
('S12', 'บางหว้า', 'Bang Wa', 'Silom Line'),
('S2', 'ศาลาแดง', 'Sala Daeng', 'Silom Line'),
('S3', 'ช่องนนทรี', 'Chong Nonsi', 'Silom Line'),
('S4', 'เซนต์หลุยส์', 'Saint Louis', 'Silom Line'),
('S5', 'สุรศักดิ์', 'Surasak', 'Silom Line'),
('S6', 'สะพานตากสิน', 'Saphan Taksin', 'Silom Line'),
('S7', 'กรุงธนบุรี', 'Krung Thon Buri', 'Silom Line'),
('S8', 'วงเวียนใหญ่', 'Wongwian Yai', 'Silom Line'),
('S9', 'โพธิ์นิมิตร', 'Pho Nimit', 'Silom Line'),
('W1', 'สนามกีฬาแห่งชาติ', 'National Stadium', 'Silom Line'),
('YL01', 'ลาดพร้าว', 'Lat Phrao', 'Yellow  Line'),
('YL02', 'โชคชัย 4', 'Chok Chai 4', 'Yellow  Line'),
('YL03', 'ภาวนา', 'Phawana', 'Yellow  Line'),
('YL04', 'ลาดพร้าว 71', 'Lat Phrao 71', 'Yellow  Line'),
('YL05', 'ลาดพร้าว 83', 'Lat Phrao 83', 'Yellow  Line'),
('YL06', 'บางกะปิ', 'Bang Kapi', 'Yellow  Line'),
('YL07', 'มหาดไทย', 'Mahat Thai', 'Yellow  Line'),
('YL08', 'ลาดพร้าว 101', 'Lat Phrao 101', 'Yellow  Line'),
('YL09', 'แยกลำสาลี', 'Yaek Lam Sali', 'Yellow  Line'),
('YL10', 'ศรีกรีฑา', 'Si Kritha', 'Yellow  Line'),
('YL11', 'หัวหมาก', 'Hua Mak', 'Yellow  Line'),
('YL12', 'ศรีนครินทร์ 38', 'Srinagarindra 38', 'Yellow  Line'),
('YL13', 'ศรีนุช', 'Si Nut', 'Yellow  Line'),
('YL14', 'กลันตัน', 'Kalantan', 'Yellow  Line'),
('YL15', 'สวนหลวง ร.9', 'Suan Luang Rama IX', 'Yellow  Line'),
('YL16', 'ศรีอุดม', 'Si Udom', 'Yellow  Line'),
('YL17', 'ศรีเอี่ยม', 'Si Iam', 'Yellow  Line'),
('YL18', 'ศรีลาซาล', 'Si La Salle', 'Yellow  Line'),
('YL19', 'ศรีแบริ่ง', 'Si Bearing', 'Yellow  Line'),
('YL20', 'ศรีด่าน', 'Si Dan', 'Yellow  Line'),
('YL21', 'สำโรง', 'Samrong', 'Yellow  Line'),
('YL22', 'ทิพวัล', 'Thipphawan', 'Yellow  Line'),
('YL23', 'ศรีเทพา', 'Si Thepha', 'Yellow  Line');

-- --------------------------------------------------------

--
-- Table structure for table `user`
--

CREATE TABLE `user` (
  `User_ID` int(5) UNSIGNED NOT NULL,
  `U_Name` varchar(255) NOT NULL,
  `U_Gender` enum('female','male','none') NOT NULL,
  `U_AgeRange` enum('lower12y','12to19y','20to39y','40to59y','morethan60') NOT NULL,
  `U_Email` varchar(255) NOT NULL,
  `U_Password` varchar(255) NOT NULL
) ENGINE=InnoDB DEFAULT CHARSET=utf8mb4 COLLATE=utf8mb4_general_ci;

--
-- Dumping data for table `user`
--

INSERT INTO `user` (`User_ID`, `U_Name`, `U_Gender`, `U_AgeRange`, `U_Email`, `U_Password`) VALUES
(5, 'usertest02', 'female', '40to59y', 'usertest02@gmail.com', '$2y$10$Nh6bmBJIlS7BDiZm8UL1POaaO600s09FXP.wQ0A8ZmAK0thdRh6Uq'),
(6, 'test user', 'male', '12to19y', 'testuser@gmail.com', '$2y$10$Ca.IPMSDn37j0635rsVKlOt3oKyFSQn5AIshq/bE5SZ0g9yqUyOoy'),
(7, 'test03', 'male', 'lower12y', 'test03@gmail.com', '$2y$10$HZiYXuxpgpqauvwmbjGQxeG5.2ysoeVS1Npfm7G4FTbzn58KIjnPS'),
(8, 'test04', 'female', '20to39y', 'test04@gmail.com', '$2y$10$OovpDNpJl7/dGFnpGUAhce3rwWNVUyabFBud75Uhgi3WMmf3uspI2'),
(9, 'ฟ้า นภัส', 'female', '20to39y', 'test@gmail.com', '$2y$10$Tpv2/.F67PlnLkM7DaLgP.mmkyjfOxRJ8z2PMnpGdKb.P3BEISumi');

--
-- Indexes for dumped tables
--

--
-- Indexes for table `activities`
--
ALTER TABLE `activities`
  ADD PRIMARY KEY (`Act_ID`),
  ADD KEY `fk_activities_actgroup` (`ActGroup_ID`);

--
-- Indexes for table `activitiesgroups`
--
ALTER TABLE `activitiesgroups`
  ADD PRIMARY KEY (`ActGroup_ID`);

--
-- Indexes for table `activities_place`
--
ALTER TABLE `activities_place`
  ADD KEY `fk_place_activities_place` (`Place_ID`),
  ADD KEY `fk_activities_activitiesplace` (`Act_ID`);

--
-- Indexes for table `facility`
--
ALTER TABLE `facility`
  ADD PRIMARY KEY (`Facility_ID`);

--
-- Indexes for table `favoriteact`
--
ALTER TABLE `favoriteact`
  ADD PRIMARY KEY (`favAct_id`),
  ADD KEY `favoriteact_ibfk_1` (`User_ID`),
  ADD KEY `Act_ID` (`Act_ID`);

--
-- Indexes for table `favoritehotel`
--
ALTER TABLE `favoritehotel`
  ADD PRIMARY KEY (`favHotel_id`),
  ADD KEY `fk_user` (`User_ID`),
  ADD KEY `fk_hotel` (`Hotel_ID`);

--
-- Indexes for table `favoriteplace`
--
ALTER TABLE `favoriteplace`
  ADD PRIMARY KEY (`favPlace_id`),
  ADD KEY `Place_ID` (`Place_ID`),
  ADD KEY `User_ID` (`User_ID`);

--
-- Indexes for table `favoriteplan`
--
ALTER TABLE `favoriteplan`
  ADD PRIMARY KEY (`favPlan_id`),
  ADD KEY `User_ID` (`User_ID`);

--
-- Indexes for table `favtransit`
--
ALTER TABLE `favtransit`
  ADD PRIMARY KEY (`Transit_ID`),
  ADD KEY `User_ID` (`User_ID`);

--
-- Indexes for table `hotel`
--
ALTER TABLE `hotel`
  ADD PRIMARY KEY (`Hotel_ID`);

--
-- Indexes for table `hotelfacility`
--
ALTER TABLE `hotelfacility`
  ADD KEY `fk_hotel_hotelfacility` (`Hotel_ID`),
  ADD KEY `fk_facility_hotelfacility` (`Facility_ID`);

--
-- Indexes for table `place`
--
ALTER TABLE `place`
  ADD PRIMARY KEY (`Place_ID`);

--
-- Indexes for table `station`
--
ALTER TABLE `station`
  ADD PRIMARY KEY (`station_id`);

--
-- Indexes for table `user`
--
ALTER TABLE `user`
  ADD PRIMARY KEY (`User_ID`);

--
-- AUTO_INCREMENT for dumped tables
--

--
-- AUTO_INCREMENT for table `activities`
--
ALTER TABLE `activities`
  MODIFY `Act_ID` int(11) UNSIGNED NOT NULL AUTO_INCREMENT, AUTO_INCREMENT=100085;

--
-- AUTO_INCREMENT for table `activitiesgroups`
--
ALTER TABLE `activitiesgroups`
  MODIFY `ActGroup_ID` int(10) UNSIGNED NOT NULL AUTO_INCREMENT, AUTO_INCREMENT=16;

--
-- AUTO_INCREMENT for table `facility`
--
ALTER TABLE `facility`
  MODIFY `Facility_ID` int(10) UNSIGNED NOT NULL AUTO_INCREMENT, AUTO_INCREMENT=11;

--
-- AUTO_INCREMENT for table `favoriteact`
--
ALTER TABLE `favoriteact`
  MODIFY `favAct_id` int(10) UNSIGNED NOT NULL AUTO_INCREMENT, AUTO_INCREMENT=5;

--
-- AUTO_INCREMENT for table `favoritehotel`
--
ALTER TABLE `favoritehotel`
  MODIFY `favHotel_id` int(10) UNSIGNED NOT NULL AUTO_INCREMENT, AUTO_INCREMENT=11;

--
-- AUTO_INCREMENT for table `favoriteplace`
--
ALTER TABLE `favoriteplace`
  MODIFY `favPlace_id` int(10) UNSIGNED NOT NULL AUTO_INCREMENT, AUTO_INCREMENT=10;

--
-- AUTO_INCREMENT for table `favtransit`
--
ALTER TABLE `favtransit`
  MODIFY `Transit_ID` int(10) UNSIGNED NOT NULL AUTO_INCREMENT, AUTO_INCREMENT=15;

--
-- AUTO_INCREMENT for table `hotel`
--
ALTER TABLE `hotel`
  MODIFY `Hotel_ID` int(10) UNSIGNED NOT NULL AUTO_INCREMENT, AUTO_INCREMENT=125;

--
-- AUTO_INCREMENT for table `place`
--
ALTER TABLE `place`
  MODIFY `Place_ID` int(10) UNSIGNED NOT NULL AUTO_INCREMENT, AUTO_INCREMENT=60044;

--
-- AUTO_INCREMENT for table `user`
--
ALTER TABLE `user`
  MODIFY `User_ID` int(5) UNSIGNED NOT NULL AUTO_INCREMENT, AUTO_INCREMENT=10;

--
-- Constraints for dumped tables
--

--
-- Constraints for table `activities`
--
ALTER TABLE `activities`
  ADD CONSTRAINT `fk_activities_actgroup` FOREIGN KEY (`ActGroup_ID`) REFERENCES `activitiesgroups` (`ActGroup_ID`) ON DELETE CASCADE ON UPDATE CASCADE;

--
-- Constraints for table `activities_place`
--
ALTER TABLE `activities_place`
  ADD CONSTRAINT `fk_activities_activities_place` FOREIGN KEY (`Act_ID`) REFERENCES `activities` (`act_id`) ON DELETE CASCADE ON UPDATE CASCADE,
  ADD CONSTRAINT `fk_activities_activitiesplace` FOREIGN KEY (`Act_ID`) REFERENCES `activities` (`Act_ID`) ON DELETE CASCADE ON UPDATE CASCADE,
  ADD CONSTRAINT `fk_place_activities_place` FOREIGN KEY (`Place_ID`) REFERENCES `place` (`Place_ID`) ON DELETE CASCADE ON UPDATE CASCADE;

--
-- Constraints for table `favoriteact`
--
ALTER TABLE `favoriteact`
  ADD CONSTRAINT `favoriteact_ibfk_1` FOREIGN KEY (`User_ID`) REFERENCES `user` (`User_ID`),
  ADD CONSTRAINT `favoriteact_ibfk_2` FOREIGN KEY (`Act_ID`) REFERENCES `activities` (`Act_ID`);

--
-- Constraints for table `favoritehotel`
--
ALTER TABLE `favoritehotel`
  ADD CONSTRAINT `fk_hotel` FOREIGN KEY (`Hotel_ID`) REFERENCES `hotel` (`Hotel_ID`),
  ADD CONSTRAINT `fk_user` FOREIGN KEY (`User_ID`) REFERENCES `user` (`User_ID`);

--
-- Constraints for table `favoriteplace`
--
ALTER TABLE `favoriteplace`
  ADD CONSTRAINT `favoriteplace_ibfk_1` FOREIGN KEY (`Place_ID`) REFERENCES `place` (`Place_ID`),
  ADD CONSTRAINT `favoriteplace_ibfk_2` FOREIGN KEY (`User_ID`) REFERENCES `user` (`User_ID`);

--
-- Constraints for table `favoriteplan`
--
ALTER TABLE `favoriteplan`
  ADD CONSTRAINT `favoriteplan_ibfk_1` FOREIGN KEY (`User_ID`) REFERENCES `user` (`User_ID`);

--
-- Constraints for table `favtransit`
--
ALTER TABLE `favtransit`
  ADD CONSTRAINT `favtransit_ibfk_1` FOREIGN KEY (`User_ID`) REFERENCES `user` (`User_ID`);

--
-- Constraints for table `hotelfacility`
--
ALTER TABLE `hotelfacility`
  ADD CONSTRAINT `fk_facility_hotelfacility` FOREIGN KEY (`Facility_ID`) REFERENCES `facility` (`Facility_ID`) ON DELETE CASCADE ON UPDATE CASCADE,
  ADD CONSTRAINT `fk_hotel_hotelfacility` FOREIGN KEY (`Hotel_ID`) REFERENCES `hotel` (`Hotel_ID`) ON DELETE CASCADE ON UPDATE CASCADE;
COMMIT;

/*!40101 SET CHARACTER_SET_CLIENT=@OLD_CHARACTER_SET_CLIENT */;
/*!40101 SET CHARACTER_SET_RESULTS=@OLD_CHARACTER_SET_RESULTS */;
/*!40101 SET COLLATION_CONNECTION=@OLD_COLLATION_CONNECTION */;
